files,dl_chalearn15,dl_chalearn16,dl_fgnet,dl_utkface,nodl_chalearn15,nodl_chalearn16,nodl_fgnet,nodl_utkface,noise_0.2_dl_fgnet,noise_0.2_nodl_fgnet
./NPR_test/NPRportrait3//01-johanna-buguet-9GOAzu0G4oM-unsplash.png,33.557137,30.862772,16.20063,42.894695,35.140656,29.707708,24.127409,65.71417,12.032033,17.960913
./NPR_test/NPRportrait3//02-29881657997_24106d0716_o.png,39.68848,36.629574,37.94267,37.025658,54.816425,49.610786,48.40789,71.09552,18.196949,35.147823
./NPR_test/NPRportrait3//03-felipe-sagn-2xd0_6wEj6k-unsplash.png,22.61382,24.18745,20.891695,24.77723,22.063606,18.187908,24.34958,28.383253,15.1465435,28.152302
./NPR_test/NPRportrait3//04-nathan-dumlao-cibBnDQ9hcQ-unsplash.png,26.00582,47.986927,20.39349,72.94969,45.803627,28.00151,29.594242,54.658943,16.216978,28.536964
./NPR_test/NPRportrait3//05-old-youth-tAJog0uJkT0-unsplash.png,38.73532,47.54764,20.80233,78.66873,30.20712,32.99936,31.69395,68.9957,14.535078,22.303532
./NPR_test/NPRportrait3//06-olesya-yemets-AjilVpkggN8-unsplash.png,33.83826,27.59555,22.667116,10.838056,29.078114,27.515047,28.524769,35.804893,16.982655,21.518362
./NPR_test/NPRportrait3//07-azamat-zhanisov-h9Oo45soK_0-unsplash.png,26.129112,25.65688,12.709424,23.796568,23.695765,24.652132,24.985767,55.595154,14.257341,17.02849
./NPR_test/NPRportrait3//08-claudia-owBcefxgrIE-unsplash.png,31.440948,30.969408,23.474764,32.524426,23.514376,27.283691,31.76071,46.905895,16.994947,23.714996
./NPR_test/NPRportrait3//09-8079036040_6e5d7798f5_o.png,30.527315,29.515976,36.652832,43.015385,31.569025,24.702595,54.680412,72.306656,17.964108,36.015163
./NPR_test/NPRportrait3//10-calvin-lupiya-Mx4auh5zO4w-unsplash.png,38.0648,39.75808,10.298597,84.89205,28.215488,34.69936,17.555874,56.695827,14.737063,13.713485
./NPR_test/NPRportrait3//11-artyom-kim-zEa75CRX88M-unsplash.png,25.910967,20.803444,8.509309,28.954247,21.933727,20.872337,19.876001,51.345924,17.027908,21.983976
./NPR_test/NPRportrait3//12-jordan-bauer-Is3VRzUaXVk-unsplash.png,58.155155,51.949795,30.626461,86.98256,50.963657,50.3486,52.52089,77.54805,13.428942,39.14404
./NPR_test/NPRportrait3//13-alex-iby-470eBDOc8bk-unsplash.png,33.743877,32.917114,13.190094,64.93383,29.25252,29.730448,15.490738,61.048878,11.601367,12.240062
./NPR_test/NPRportrait3//14-andrew-robinson-4ar-CSxLcMg-unsplash.png,39.091896,60.7133,16.876516,68.09216,32.52424,27.168829,15.978522,61.39184,13.661782,15.720725
./NPR_test/NPRportrait3//15-8717570008_edc9120e59_o.png,28.912691,42.517807,12.678189,74.35178,37.64126,29.273003,13.594911,78.22907,6.533861,9.45
./NPR_test/NPRportrait3//16-gabriel-silverio-u3WmDyKGsrY-unsplash.png,34.147945,18.265844,25.246674,22.655617,43.39741,44.594097,35.57084,60.724827,23.25481,20.956669
./NPR_test/NPRportrait3//17-6262243021_47792d9ca0_o.png,26.494953,28.263628,20.478752,30.122103,26.13036,22.603224,25.834936,40.31144,23.520323,28.739813
./NPR_test/NPRportrait3//18-16585637733_67b0e18bcf_o.png,37.413174,39.81646,22.979591,30.27138,31.116163,31.048897,26.598198,52.632137,16.243633,19.880611
./NPR_test/NPRportrait3//19-1824233430_59f1a20f0d_o.png,41.370834,46.455433,16.564148,47.369232,41.58718,46.306797,17.443861,59.45434,5.505166,21.245777
./NPR_test/NPRportrait3//20-3683799501_052eb48752_o.png,25.065195,30.789814,29.524385,30.72014,29.380278,26.561579,43.530437,72.14656,14.914149,29.188194
