079A01.JPG,1
063A25.JPG,25
026A15.JPG,15
031A03.JPG,3
040A19.JPG,19
081A05.JPG,5
051A08.JPG,8
045A48.JPG,48
070A02.JPG,2
004A40.JPG,40
040A03b.JPG,3
012A07.JPG,7
045A17.JPG,17
020A26.JPG,26
025A07.JPG,7
011A15.JPG,15
009A03.JPG,3
001A18.JPG,18
052A17.JPG,17
063A02.JPG,2
056A12.JPG,12
039A11.JPG,11
073A13.JPG,13
041A19.JPG,19
048A16.JPG,16
010A07a.JPG,7
009A13.JPG,13
042A14.JPG,14
063A08.JPG,8
054A17.JPG,17
076A11.JPG,11
060A19.JPG,19
062A54.JPG,54
020A11.JPG,11
078A05.JPG,5
058A10.JPG,10
007A01.JPG,1
028A18.JPG,18
077A12.JPG,12
076A15.JPG,15
059A14.JPG,14
028A34.JPG,34
008A12.JPG,12
008A41.JPG,41
008A18.JPG,18
051A15.JPG,15
068A09.JPG,9
003A60.JPG,60
074A15.JPG,15
071A18.JPG,18
049A06.JPG,6
003A25.JPG,25
021A23.JPG,23
003A35.JPG,35
012A24.JPG,24
038A01.JPG,1
075A10.JPG,10
056A15.JPG,15
047A33.JPG,33
061A07.JPG,7
025A34.JPG,34
035A21.JPG,21
053A12.JPG,12
062A15.JPG,15
052A14.JPG,14
056A04.JPG,4
077A09.JPG,9
069A10.JPG,10
026A00.JPG,0
002A05.JPG,5
060A04.JPG,4
039A52.JPG,52
020A13.JPG,13
022A28.JPG,28
081A11.JPG,11
005A61.JPG,61
016A01.JPG,1
065A09.JPG,9
048A46.JPG,46
029A10.JPG,10
069A11.JPG,11
062A47.JPG,47
031A06.JPG,6
064A04.JPG,4
079A02.JPG,2
064A03.JPG,3
076A12.JPG,12
057A07.JPG,7
060A20.JPG,20
071A24.JPG,24
080A00.JPG,0
015A17.JPG,17
042A06.JPG,6
070A07.JPG,7
065A06b.JPG,6
043A17.JPG,17
038A04.JPG,4
074A12.JPG,12
020A18.JPG,18
012A34.JPG,34
050A00.JPG,0
001A43a.JPG,43
059A16.JPG,16
013A00.JPG,0
035A23b.JPG,23
070A06.JPG,6
022A18.JPG,18
056A02.JPG,2
080A05.JPG,5
059A03.JPG,3
078A11.JPG,11
025A18.JPG,18
056A03.JPG,3
005A35.JPG,35
073A12.JPG,12
014A36.JPG,36
060A06.JPG,6
034A35.JPG,35
010A07b.JPG,7
021A39.JPG,39
015A03.JPG,3
080A13.JPG,13
001A10.JPG,10
016A05.JPG,5
036A15.JPG,15
076A01.JPG,1
058A13.JPG,13
037A08.JPG,8
067A28.JPG,28
071A23.JPG,23
037A13.JPG,13
072A17.JPG,17
043A00.JPG,0
001A08.JPG,8
032A10.JPG,10
021A16.JPG,16
057A16.JPG,16
073A00.JPG,0
046A06.JPG,6
026A06.JPG,6
006A51.JPG,51
010A05.JPG,5
039A45.JPG,45
065A06a.JPG,6
009A16b.JPG,16
048A18.JPG,18
080A01.JPG,1
040A16.JPG,16
066A02b.JPG,2
055A23.JPG,23
044A07.JPG,7
048A00.JPG,0
001A22.JPG,22
029A29.JPG,29
005A24.JPG,24
079A11.JPG,11
038A21.JPG,21
029A31.JPG,31
007A38.JPG,38
019A00.JPG,0
013A18.JPG,18
017A07.JPG,7
010A16.JPG,16
032A08.JPG,8
074A14.JPG,14
059A02a.JPG,2
053A06.JPG,6
043A23.JPG,23
067A39.JPG,39
016A07.JPG,7
016A18.JPG,18
007A23.JPG,23
019A27.JPG,27
046A08.JPG,8
020A02.JPG,2
016A17.JPG,17
015A12.JPG,12
019A15.JPG,15
078A14.JPG,14
080A04.JPG,4
017A42.JPG,42
004A48.JPG,48
074A10.JPG,10
046A14.JPG,14
057A06.JPG,6
079A03.JPG,3
016A16.JPG,16
018A28.JPG,28
076A00.JPG,0
032A18.JPG,18
055A08.JPG,8
070A08.JPG,8
047A27.JPG,27
075A02.JPG,2
078A15.JPG,15
036A01.JPG,1
048A27.JPG,27
045A40.JPG,40
052A19.JPG,19
017A15.JPG,15
038A11.JPG,11
020A36.JPG,36
076A17.JPG,17
004A30.JPG,30
043A04.JPG,4
053A00.JPG,0
002A12.JPG,12
031A00.JPG,0
034A02.JPG,2
049A05.JPG,5
056A10.JPG,10
076A03.JPG,3
022A16.JPG,16
061A30.JPG,30
070A05.JPG,5
080A12.JPG,12
074A01.JPG,1
014A42.JPG,42
052A18.JPG,18
005A40.JPG,40
033A10.JPG,10
076A09.JPG,9
039A35.JPG,35
066A10.JPG,10
073A02.JPG,2
065A02a.JPG,2
009A11.JPG,11
081A08.JPG,8
081A12.JPG,12
054A13.JPG,13
068A13.JPG,13
008A33.JPG,33
044A25.JPG,25
040A09.JPG,9
066A09.JPG,9
034A15.JPG,15
032A28.JPG,28
032A15.JPG,15
030A04.JPG,4
015A04.JPG,4
001A40.JPG,40
071A27.JPG,27
007A39.JPG,39
024A30.JPG,30
054A00.JPG,0
041A09.JPG,9
078A08.JPG,8
075A01.JPG,1
026A18.JPG,18
011A20.JPG,20
073A03.JPG,3
034A39.JPG,39
013A19.JPG,19
029A04.JPG,4
044A15.JPG,15
082A23.JPG,23
028A35.JPG,35
082A25.JPG,25
048A49.JPG,49
075A05.JPG,5
037A19.JPG,19
010A09.JPG,9
061A32.JPG,32
015A14.JPG,14
002A04.JPG,4
043A19.JPG,19
037A17.JPG,17
047A15.JPG,15
025A22.JPG,22
075A08.JPG,8
009A09.JPG,9
053A02.JPG,2
002A20.JPG,20
071A10.JPG,10
006A36.JPG,36
077A01.JPG,1
053A15.JPG,15
040A14.JPG,14
068A00.JPG,0
082A18.JPG,18
028A37.JPG,37
030A18.JPG,18
074A00.JPG,0
006A55.JPG,55
018A11.JPG,11
043A15.JPG,15
022A11.JPG,11
038A13.JPG,13
009A16a.JPG,16
077A03.JPG,3
081A03.JPG,3
079A05.JPG,5
015A10.JPG,10
023A25.JPG,25
048A10.JPG,10
066A04.JPG,4
037A02.JPG,2
045A32.JPG,32
005A45.JPG,45
029A13.JPG,13
027A25.JPG,25
036A03.JPG,3
056A01.JPG,1
065A07a.JPG,7
068A11.JPG,11
062A30.JPG,30
027A36.JPG,36
025A23.JPG,23
082A16.JPG,16
011A17.JPG,17
060A10.JPG,10
065A03b.JPG,3
075A03.JPG,3
005A30.JPG,30
033A44.JPG,44
051A16.JPG,16
063A22.JPG,22
036A06.JPG,6
024A10.JPG,10
004A28.JPG,28
023A03.JPG,3
071A44.JPG,44
077A10.JPG,10
018A29.JPG,29
073A08.JPG,8
023A09.JPG,9
001A02.JPG,2
036A20.JPG,20
068A12.JPG,12
006A24.JPG,24
069A03.JPG,3
035A23a.JPG,23
077A13.JPG,13
047A13.JPG,13
047A55.JPG,55
024A19.JPG,19
032A24.JPG,24
062A53.JPG,53
020A20.JPG,20
021A20.JPG,20
013A21.JPG,21
061A10.JPG,10
049A17.JPG,17
045A28.JPG,28
055A04.JPG,4
072A41.JPG,41
053A08.JPG,8
020A24.JPG,24
045A06.JPG,6
020A04.JPG,4
018A18.JPG,18
070A14.JPG,14
008A16.JPG,16
009A22b.JPG,22
044A17.JPG,17
081A02.JPG,2
006A67.JPG,67
081A04.JPG,4
035A16.JPG,16
011A14.JPG,14
049A08.JPG,8
036A11.JPG,11
005A31.JPG,31
024A05.JPG,5
020A22.JPG,22
030A23.JPG,23
073A15.JPG,15
003A58.JPG,58
008A08.JPG,8
016A03.JPG,3
066A07.JPG,7
006A31.JPG,31
054A19.JPG,19
031A09.JPG,9
011A40.JPG,40
081A06.JPG,6
039A07.JPG,7
010A06.JPG,6
035A03.JPG,3
077A06.JPG,6
079A04.JPG,4
029A16.JPG,16
061A26.JPG,26
036A08.JPG,8
042A01.JPG,1
077A15.JPG,15
049A15.JPG,15
001A43b.JPG,43
031A11.JPG,11
007A26.JPG,26
040A12.JPG,12
058A15.JPG,15
065A12.JPG,12
042A18.JPG,18
008A06.JPG,6
030A17.JPG,17
022A27.JPG,27
014A18.JPG,18
068A04.JPG,4
009A01.JPG,1
063A33.JPG,33
066A08.JPG,8
031A04.JPG,4
004A26.JPG,26
035A08.JPG,8
071A40.JPG,40
040A03a.JPG,3
053A03.JPG,3
061A17.JPG,17
001A33.JPG,33
017A36.JPG,36
029A01.JPG,1
059A02b.JPG,2
064A19.JPG,19
012A23.JPG,23
025A00.JPG,0
023A18.JPG,18
063A00.JPG,0
034A25.JPG,25
052A13.JPG,13
067A30.JPG,30
062A45.JPG,45
058A02.JPG,2
062A16.JPG,16
014A22.JPG,22
036A05.JPG,5
056A06.JPG,6
018A34.JPG,34
025A19.JPG,19
003A18.JPG,18
080A03.JPG,3
039A19.JPG,19
048A54.JPG,54
023A22.JPG,22
039A10.JPG,10
040A00.JPG,0
076A14.JPG,14
051A05.JPG,5
010A04.JPG,4
045A43.JPG,43
055A14.JPG,14
041A24.JPG,24
008A21.JPG,21
021A35.JPG,35
054A12.JPG,12
078A03.JPG,3
047A20.JPG,20
058A01.JPG,1
009A00.JPG,0
005A48.JPG,48
017A05.JPG,5
046A20.JPG,20
057A23.JPG,23
015A09.JPG,9
057A00.JPG,0
062A03.JPG,3
008A13.JPG,13
078A09.JPG,9
060A02.JPG,2
047A11.JPG,11
074A13.JPG,13
071A35.JPG,35
034A21.JPG,21
029A05.JPG,5
039A50.JPG,50
069A07.JPG,7
002A36.JPG,36
004A63.JPG,63
071A22.JPG,22
003A51.JPG,51
013A08.JPG,8
067A26.JPG,26
012A21.JPG,21
018A22.JPG,22
057A17.JPG,17
074A06.JPG,6
049A12.JPG,12
060A17.JPG,17
033A05.JPG,5
004A53.JPG,53
054A06.JPG,6
069A05.JPG,5
030A05.JPG,5
047A23.JPG,23
033A39.JPG,39
065A08.JPG,8
035A07.JPG,7
037A06.JPG,6
013A34.JPG,34
023A21.JPG,21
007A22.JPG,22
018A36.JPG,36
037A04.JPG,4
029A23.JPG,23
025A39.JPG,39
073A04.JPG,4
021A27.JPG,27
027A11.JPG,11
001A28.JPG,28
059A04.JPG,4
043A27.JPG,27
002A38.JPG,38
067A14.JPG,14
015A01.JPG,1
002A29.JPG,29
003A23.JPG,23
028A16.JPG,16
030A10.JPG,10
024A18.JPG,18
066A06b.JPG,6
079A10.JPG,10
001A16.JPG,16
016A10.JPG,10
078A02.JPG,2
032A40.JPG,40
074A09.JPG,9
067A04.JPG,4
078A12.JPG,12
079A07.JPG,7
042A04.JPG,4
010A10.JPG,10
031A15.JPG,15
003A49.JPG,49
073A06.JPG,6
043A10.JPG,10
013A23.JPG,23
006A28.JPG,28
010A15.JPG,15
001A14.JPG,14
068A03.JPG,3
064A15.JPG,15
035A18.JPG,18
050A16.JPG,16
046A00.JPG,0
041A21.JPG,21
076A08.JPG,8
033A25.JPG,25
070A03.JPG,3
029A22.JPG,22
071A42.JPG,42
059A06.JPG,6
021A30.JPG,30
028A14.JPG,14
012A32.JPG,32
033A14.JPG,14
041A06.JPG,6
031A07.JPG,7
026A02.JPG,2
003A61.JPG,61
067A23.JPG,23
043A03.JPG,3
054A02.JPG,2
072A13.JPG,13
051A18.JPG,18
057A12.JPG,12
050A14.JPG,14
049A04.JPG,4
064A01.JPG,1
053A01.JPG,1
048A33.JPG,33
037A01.JPG,1
022A26.JPG,26
074A04.JPG,4
042A24.JPG,24
031A14.JPG,14
041A00.JPG,0
074A05.JPG,5
070A01.JPG,1
052A07.JPG,7
008A30.JPG,30
011A05.JPG,5
045A08.JPG,8
031A16.JPG,16
016A19.JPG,19
028A46.JPG,46
061A25.JPG,25
069A00.JPG,0
042A20.JPG,20
066A03.JPG,3
040A05.JPG,5
019A30.JPG,30
045A25.JPG,25
033A30.JPG,30
047A09.JPG,9
019A12.JPG,12
036A19.JPG,19
008A31.JPG,31
074A02.JPG,2
081A01.JPG,1
042A05.JPG,5
050A18.JPG,18
018A06.JPG,6
030A07.JPG,7
046A04.JPG,4
062A35.JPG,35
082A03.JPG,3
018A33.JPG,33
002A07.JPG,7
014A03.JPG,3
024A17.JPG,17
077A14.JPG,14
033A18.JPG,18
044A21.JPG,21
027A22.JPG,22
081A00.JPG,0
068A10a.JPG,10
008A17.JPG,17
017A32.JPG,32
028A26.JPG,26
035A14.JPG,14
068A10b.JPG,10
010A01.JPG,1
013A16.JPG,16
082A00.JPG,0
009A18.JPG,18
003A38.JPG,38
009A05.JPG,5
030A16.JPG,16
030A20.JPG,20
036A18.JPG,18
046A17.JPG,17
029A20.JPG,20
080A10.JPG,10
020A30.JPG,30
072A19.JPG,19
067A33.JPG,33
034A11.JPG,11
072A29.JPG,29
013A30.JPG,30
074A03.JPG,3
069A06.JPG,6
070A12.JPG,12
007A37.JPG,37
058A17.JPG,17
024A23.JPG,23
006A40.JPG,40
050A06.JPG,6
077A02.JPG,2
080A08.JPG,8
073A07.JPG,7
053A18.JPG,18
061A15.JPG,15
011A02.JPG,2
071A43.JPG,43
001A05.JPG,5
073A16.JPG,16
044A18.JPG,18
049A07.JPG,7
025A28.JPG,28
048A11.JPG,11
034A18.JPG,18
014A16.JPG,16
035A00.JPG,0
065A03a.JPG,3
066A11.JPG,11
049A10.JPG,10
038A05.JPG,5
073A09.JPG,9
052A20.JPG,20
035A09.JPG,9
026A07.JPG,7
031A12.JPG,12
043A05.JPG,5
073A11.JPG,11
036A13.JPG,13
062A38.JPG,38
012A26.JPG,26
082A31.JPG,31
046A01.JPG,1
070A00.JPG,0
068A14.JPG,14
034A16.JPG,16
012A12.JPG,12
043A13.JPG,13
073A01.JPG,1
081A10.JPG,10
079A08.JPG,8
017A17.JPG,17
036A17.JPG,17
011A13.JPG,13
031A19.JPG,19
014A30.JPG,30
044A03.JPG,3
022A23.JPG,23
034A13.JPG,13
060A12.JPG,12
010A12.JPG,12
011A34.JPG,34
004A51.JPG,51
051A17.JPG,17
022A30.JPG,30
080A02.JPG,2
028A41.JPG,41
021A18.JPG,18
015A05.JPG,5
051A02.JPG,2
025A03.JPG,3
058A00.JPG,0
082A22.JPG,22
020A08.JPG,8
019A05.JPG,5
078A06.JPG,6
027A18.JPG,18
038A03.JPG,3
057A05.JPG,5
054A18.JPG,18
065A02b.JPG,2
038A14.JPG,14
013A25.JPG,25
013A44.JPG,44
012A18.JPG,18
017A12.JPG,12
041A04.JPG,4
015A15.JPG,15
027A13.JPG,13
054A11.JPG,11
062A41.JPG,41
071A00.JPG,0
072A21.JPG,21
072A27.JPG,27
075A07.JPG,7
047A18.JPG,18
007A18.JPG,18
069A02.JPG,2
057A18.JPG,18
082A21.JPG,21
072A07.JPG,7
019A03.JPG,3
061A06.JPG,6
066A02a.JPG,2
008A35.JPG,35
024A07.JPG,7
037A00.JPG,0
078A13.JPG,13
004A62.JPG,62
032A35.JPG,35
079A13.JPG,13
082A27.JPG,27
055A06.JPG,6
021A03.JPG,3
041A02.JPG,2
039A13.JPG,13
055A22.JPG,22
022A25.JPG,25
004A21.JPG,21
009A22a.JPG,22
002A21.JPG,21
017A26.JPG,26
051A12.JPG,12
014A12.JPG,12
048A30.JPG,30
080A06.JPG,6
048A52.JPG,52
042A28.JPG,28
003A20.JPG,20
050A10.JPG,10
009A14.JPG,14
011A27.JPG,27
027A30.JPG,30
018A25.JPG,25
002A31.JPG,31
023A29.JPG,29
061A04.JPG,4
005A18.JPG,18
080A09.JPG,9
077A11.JPG,11
077A00.JPG,0
004A37.JPG,37
076A05.JPG,5
080A14.JPG,14
053A04.JPG,4
045A12.JPG,12
039A16.JPG,16
045A18.JPG,18
005A49.JPG,49
034A30.JPG,30
032A13.JPG,13
075A00.JPG,0
027A02.JPG,2
037A11.JPG,11
066A06a.JPG,6
019A18.JPG,18
054A10.JPG,10
046A02.JPG,2
038A10.JPG,10
035A12.JPG,12
074A07.JPG,7
025A15.JPG,15
074A11.JPG,11
057A25.JPG,25
018A16.JPG,16
073A14.JPG,14
024A25.JPG,25
002A16.JPG,16
064A10.JPG,10
035A05.JPG,5
027A16.JPG,16
016A14.JPG,14
037A09.JPG,9
011A30.JPG,30
044A13.JPG,13
058A06.JPG,6
