image_4797.jpg,21,4.026539
image_3532.jpg,21,5.267450
image_3720.jpg,28,3.569742
image_985.jpg,48,4.406435
image_963.jpg,17,3.427827
image_61.jpg,23,2.150779
image_1805.jpg,16,3.025098
image_1904.jpg,15,4.513245
image_2175.jpg,44,4.941895
image_1058.jpg,24,2.973254
image_2170.jpg,28,3.797042
image_3748.jpg,30,3.593358
image_4700.jpg,24,3.655133
image_2783.jpg,24,4.964765
image_4550.jpg,40,4.356183
image_3428.jpg,18,2.818616
image_4684.jpg,28,5.030573
image_2051.jpg,26,4.118484
image_129.jpg,24,4.380435
image_66.jpg,23,2.682774
image_3418.jpg,43,4.651869
image_4628.jpg,18,3.401960
image_252.jpg,29,3.426339
image_4386.jpg,14,1.090050
image_574.jpg,53,4.990964
image_1131.jpg,49,5.383516
image_2463.jpg,57,4.582143
image_2218.jpg,26,3.597860
image_4754.jpg,18,2.092534
image_530.jpg,54,3.645443
image_1656.jpg,24,3.395575
image_153.jpg,23,3.825265
image_4590.jpg,29,4.696938
image_4969.jpg,34,4.720596
image_959.jpg,17,3.361811
image_4270.jpg,17,3.479464
image_4718.jpg,20,3.499271
image_1306.jpg,28,3.526736
image_2261.jpg,33,4.019423
image_3593.jpg,34,4.088034
image_392.jpg,37,3.538462
image_2913.jpg,19,3.314268
image_4706.jpg,17,3.311236
image_4613.jpg,37,4.487637
image_4729.jpg,43,5.009083
image_1249.jpg,30,3.594923
image_4255.jpg,15,3.356383
image_3810.jpg,19,3.567562
image_2530.jpg,21,4.020270
image_4078.jpg,25,4.060763
image_3458.jpg,42,3.661716
image_342.jpg,35,2.749933
image_4207.jpg,17,3.395585
image_1960.jpg,51,4.584156
image_3559.jpg,28,3.538559
image_4518.jpg,19,3.534091
image_1838.jpg,25,4.022299
image_1325.jpg,27,3.335034
image_1418.jpg,48,3.763863
image_253.jpg,30,4.296769
image_4781.jpg,51,1.440968
image_3622.jpg,22,3.737944
image_2035.jpg,35,4.702508
image_915.jpg,41,4.376874
image_2588.jpg,22,3.801913
image_1323.jpg,28,2.610810
image_2797.jpg,19,4.139080
image_949.jpg,20,3.760171
image_3871.jpg,27,4.712749
image_2195.jpg,27,4.922750
image_903.jpg,26,3.245877
image_2615.jpg,20,4.052343
image_1029.jpg,41,5.541666
image_4114.jpg,26,4.881473
image_794.jpg,62,5.465329
image_2210.jpg,18,4.011230
image_2819.jpg,19,3.484250
image_3430.jpg,36,4.903606
image_2828.jpg,21,3.110241
image_3376.jpg,32,5.035959
image_4806.jpg,23,4.138706
image_4359.jpg,21,3.896437
image_1421.jpg,52,4.235662
image_2229.jpg,48,4.537345
image_3974.jpg,15,2.668792
image_4489.jpg,47,4.790902
image_671.jpg,28,4.939875
image_3093.jpg,25,5.624023
image_4873.jpg,23,3.359422
image_4104.jpg,19,2.767339
image_5004.jpg,20,1.878992
image_4022.jpg,23,4.527693
image_1458.jpg,45,2.197363
image_3899.jpg,33,3.879678
image_1278.jpg,43,4.529993
image_4853.jpg,37,4.216706
image_4901.jpg,23,4.105127
image_1815.jpg,28,4.086986
image_428.jpg,38,5.016808
image_3181.jpg,21,4.535781
image_5026.jpg,20,2.908990
image_942.jpg,11,3.489630
image_2312.jpg,56,4.244868
image_2315.jpg,24,4.661154
image_4580.jpg,33,3.577851
image_1123.jpg,24,4.498520
image_1730.jpg,25,4.133542
image_329.jpg,31,3.943478
image_3505.jpg,29,4.169422
image_4606.jpg,34,3.195781
image_2898.jpg,25,5.928818
image_3314.jpg,37,4.316028
image_1809.jpg,23,4.397595
image_2154.jpg,60,4.705216
image_4824.jpg,21,3.534091
image_2418.jpg,25,4.088102
image_564.jpg,51,4.079100
image_4577.jpg,17,2.934174
image_824.jpg,63,3.419402
image_553.jpg,42,4.213250
image_674.jpg,47,3.566822
image_1633.jpg,19,3.237127
image_316.jpg,62,4.268749
image_3757.jpg,24,3.855374
image_4664.jpg,18,2.524371
image_808.jpg,29,4.709301
image_408.jpg,30,4.359578
image_1380.jpg,37,2.546607
image_1930.jpg,15,2.352906
image_4597.jpg,29,5.413563
image_4213.jpg,20,3.380459
image_3776.jpg,21,3.061446
image_3365.jpg,22,3.981438
image_3342.jpg,36,5.562673
image_3894.jpg,28,4.030496
image_4447.jpg,56,3.472751
image_1907.jpg,12,1.709188
image_4570.jpg,19,2.913704
image_456.jpg,30,5.424158
image_926.jpg,26,3.270814
image_1717.jpg,25,3.644985
image_636.jpg,40,3.712832
image_3006.jpg,35,4.430011
image_2449.jpg,39,4.721212
image_1293.jpg,54,4.440971
image_3953.jpg,49,4.781824
image_4810.jpg,27,4.828618
image_4039.jpg,23,3.684201
image_745.jpg,28,2.512215
image_1536.jpg,29,3.794170
image_3022.jpg,22,5.236623
image_4390.jpg,21,2.777689
image_4914.jpg,28,5.427161
image_3690.jpg,23,2.732187
image_1469.jpg,26,2.463941
image_2726.jpg,46,4.861440
image_4794.jpg,52,2.335398
image_4001.jpg,56,4.868645
image_3069.jpg,46,4.682140
image_4940.jpg,20,3.198373
image_2934.jpg,24,4.374802
image_3366.jpg,28,3.589681
image_698.jpg,46,4.529383
image_2962.jpg,34,6.105098
image_1740.jpg,35,4.278364
image_138.jpg,22,2.172357
image_4849.jpg,21,2.483620
image_1645.jpg,28,4.501822
image_817.jpg,27,3.440456
image_4963.jpg,21,3.933475
image_4350.jpg,20,3.514547
image_3634.jpg,31,3.553604
image_4274.jpg,23,3.979888
image_4430.jpg,53,5.530978
image_3206.jpg,21,3.639518
image_2918.jpg,49,5.981717
image_3338.jpg,20,2.838197
image_1219.jpg,53,5.309190
image_3703.jpg,18,2.388863
image_830.jpg,49,4.896563
image_721.jpg,50,5.842849
image_879.jpg,36,4.444264
image_1055.jpg,27,2.919026
image_3491.jpg,47,5.022173
image_850.jpg,50,4.405647
image_4305.jpg,29,5.034574
image_1651.jpg,23,3.641862
image_3977.jpg,42,5.453719
image_992.jpg,21,1.726149
image_1034.jpg,56,4.904038
image_2936.jpg,29,3.843893
image_4707.jpg,18,3.422799
image_3426.jpg,21,3.618546
image_5058.jpg,36,4.271189
image_2037.jpg,21,3.272457
image_2304.jpg,21,4.035483
image_4023.jpg,19,2.496873
image_3329.jpg,30,3.667273
image_532.jpg,57,3.773997
image_3516.jpg,32,4.165271
image_1376.jpg,35,3.598159
image_1798.jpg,21,4.157006
image_3651.jpg,20,4.060095
image_287.jpg,31,4.103686
image_814.jpg,30,4.187895
image_2556.jpg,21,3.644646
image_3267.jpg,20,3.104857
image_3179.jpg,30,5.377135
image_5017.jpg,47,4.076197
image_902.jpg,27,3.445261
image_4309.jpg,35,5.957628
image_2642.jpg,51,4.444847
image_3541.jpg,31,4.186113
image_513.jpg,61,4.321871
image_4371.jpg,19,2.250850
image_4340.jpg,29,4.366434
image_430.jpg,37,4.389226
image_2222.jpg,26,4.624986
image_198.jpg,13,2.371708
image_1650.jpg,27,3.974720
image_4484.jpg,33,5.922532
image_2753.jpg,50,5.294820
image_4103.jpg,24,3.281780
image_2078.jpg,21,3.227778
image_2351.jpg,35,5.118276
image_4149.jpg,28,4.974506
image_1110.jpg,33,2.704369
image_3968.jpg,47,3.960549
image_4254.jpg,19,4.150854
image_1519.jpg,42,4.022226
image_594.jpg,50,4.445595
image_572.jpg,53,3.839669
image_1561.jpg,27,4.860372
image_3788.jpg,22,3.472111
image_2549.jpg,22,4.065846
image_2137.jpg,46,5.133050
image_136.jpg,22,3.006917
image_4929.jpg,18,2.343786
image_659.jpg,43,4.936280
image_699.jpg,54,3.949384
image_3294.jpg,21,3.542848
image_4328.jpg,29,3.574285
image_2760.jpg,18,2.716953
image_4931.jpg,25,3.958363
image_4925.jpg,16,2.763649
image_4505.jpg,15,1.846121
image_2641.jpg,57,4.240681
image_3653.jpg,33,3.796014
image_411.jpg,32,3.901567
image_648.jpg,42,4.229526
image_109.jpg,24,2.054805
image_3126.jpg,38,4.351275
image_1834.jpg,18,3.064990
image_4179.jpg,39,5.101062
image_2322.jpg,24,5.274816
image_3654.jpg,28,3.581081
image_4842.jpg,34,4.907427
image_2836.jpg,38,4.733741
image_2860.jpg,48,4.582328
image_1857.jpg,22,3.582209
image_660.jpg,45,4.994672
image_629.jpg,44,4.656025
image_3790.jpg,21,3.509659
image_1391.jpg,47,4.196364
image_2364.jpg,33,5.456442
image_586.jpg,57,4.079100
image_1105.jpg,53,5.549179
image_3034.jpg,25,3.758796
image_3023.jpg,51,3.981611
image_3394.jpg,34,4.121210
image_1635.jpg,24,4.147592
image_3082.jpg,30,4.447127
image_3580.jpg,25,4.304488
image_3821.jpg,32,4.517699
image_3350.jpg,35,4.798003
image_273.jpg,30,4.888081
image_4303.jpg,22,2.015496
image_5010.jpg,22,3.736199
image_2534.jpg,23,3.620420
image_3752.jpg,26,5.157222
image_4562.jpg,21,2.365785
image_4620.jpg,25,3.582839
image_265.jpg,26,2.500000
image_624.jpg,23,3.895074
image_2619.jpg,44,5.010646
image_3827.jpg,27,4.263510
image_3325.jpg,62,3.617440
image_2030.jpg,28,5.312461
image_4916.jpg,16,3.614784
image_4875.jpg,23,3.400313
image_1913.jpg,39,5.232197
image_3079.jpg,49,5.403394
image_4868.jpg,22,3.479532
image_352.jpg,33,3.415939
image_1291.jpg,27,3.286491
image_97.jpg,24,2.153397
image_4644.jpg,23,3.280244
image_4884.jpg,66,4.497205
image_1006.jpg,26,3.868370
image_369.jpg,54,5.354126
image_2877.jpg,27,4.702061
image_1625.jpg,29,4.229798
image_2299.jpg,33,5.834381
image_4173.jpg,42,3.791781
image_2150.jpg,29,3.864207
image_4241.jpg,19,2.669270
image_4600.jpg,31,5.233819
image_2399.jpg,26,4.357483
image_3276.jpg,18,2.523024
image_3235.jpg,27,4.587369
image_2876.jpg,41,5.269090
image_2211.jpg,21,5.005076
image_1258.jpg,39,4.214655
image_1431.jpg,30,2.894598
image_792.jpg,35,4.416348
image_2536.jpg,27,4.335669
image_1572.jpg,10,1.724653
image_3999.jpg,30,4.599009
image_1312.jpg,28,2.970089
image_1138.jpg,27,3.267028
image_173.jpg,22,2.180724
image_4854.jpg,47,5.051217
image_1956.jpg,40,4.468606
image_1933.jpg,22,3.474382
image_4125.jpg,33,4.189935
image_1716.jpg,15,2.605289
image_2765.jpg,23,4.773880
image_4777.jpg,52,3.791925
image_2371.jpg,20,5.042132
image_1719.jpg,24,4.062873
image_2327.jpg,24,4.546672
image_1351.jpg,28,4.857740
image_475.jpg,42,5.291503
image_2595.jpg,60,5.796836
image_1165.jpg,25,2.470231
image_758.jpg,31,3.968813
image_3081.jpg,62,4.238715
image_1065.jpg,22,2.673561
image_4992.jpg,20,3.227486
image_5012.jpg,20,1.712698
image_3672.jpg,24,2.872255
image_2339.jpg,18,3.535180
image_3553.jpg,28,4.536500
image_2773.jpg,40,3.132432
image_183.jpg,19,2.223483
image_2025.jpg,17,2.605446
image_3043.jpg,26,4.693236
image_3185.jpg,34,4.196992
image_2177.jpg,57,4.291294
image_3565.jpg,31,3.855155
image_2602.jpg,45,4.272925
image_2744.jpg,28,4.720145
image_2152.jpg,22,3.952863
image_2547.jpg,22,4.607078
image_3055.jpg,24,4.404663
image_3926.jpg,22,3.738723
image_1097.jpg,44,4.920672
image_3039.jpg,32,4.542729
image_4888.jpg,30,2.812423
image_4561.jpg,21,3.851848
image_611.jpg,26,3.438230
image_962.jpg,19,3.563457
image_1482.jpg,28,3.098005
image_2168.jpg,26,4.578806
image_4967.jpg,28,5.397786
image_2774.jpg,34,4.748495
image_4217.jpg,27,4.308422
image_5028.jpg,26,3.979540
image_2163.jpg,41,4.871927
image_3047.jpg,17,2.989232
image_612.jpg,29,3.442988
image_432.jpg,51,4.686890
image_2553.jpg,54,5.369886
image_2356.jpg,23,4.378088
image_2763.jpg,41,4.264029
image_3165.jpg,34,4.911323
image_1598.jpg,50,5.498426
image_5068.jpg,17,3.481731
image_735.jpg,58,5.771097
image_1339.jpg,56,5.293064
image_2067.jpg,37,5.925699
image_2901.jpg,37,5.300655
image_2563.jpg,23,4.319175
image_455.jpg,30,5.372514
image_5008.jpg,20,2.719477
image_2400.jpg,27,4.409065
image_2711.jpg,49,2.300820
image_1253.jpg,48,4.467570
image_4134.jpg,34,4.756900
image_271.jpg,34,4.205816
image_2538.jpg,24,4.004997
image_888.jpg,29,3.967341
image_2666.jpg,37,4.667976
image_3211.jpg,15,3.450344
image_3837.jpg,38,4.701469
image_3816.jpg,31,2.899952
image_1415.jpg,58,4.889757
image_140.jpg,23,3.511054
image_2310.jpg,64,4.685585
image_752.jpg,7,1.768867
image_449.jpg,28,4.537810
image_1204.jpg,38,2.788395
image_383.jpg,33,2.014739
image_4728.jpg,32,2.824240
image_3444.jpg,28,4.362052
image_3947.jpg,18,4.252850
image_3383.jpg,37,5.110338
image_471.jpg,33,4.143863
image_1022.jpg,30,4.453845
image_4586.jpg,19,3.408423
image_1121.jpg,37,4.129559
image_5035.jpg,37,3.739281
image_1727.jpg,21,3.661791
image_3892.jpg,26,3.395217
image_4598.jpg,30,4.303666
image_1373.jpg,57,5.507571
image_4140.jpg,24,3.802795
image_111.jpg,24,3.383415
image_598.jpg,31,4.573474
image_4058.jpg,35,4.487293
image_356.jpg,35,4.422166
image_2359.jpg,21,4.280891
image_2730.jpg,57,4.584278
image_1689.jpg,26,3.713921
image_2922.jpg,29,4.249967
image_4445.jpg,24,2.821203
image_70.jpg,21,2.807899
image_180.jpg,19,3.026984
image_3488.jpg,34,5.755211
image_1792.jpg,24,3.850825
image_4188.jpg,21,3.935708
image_3975.jpg,25,4.535574
image_3594.jpg,25,4.115125
image_2273.jpg,28,4.187647
image_2427.jpg,47,4.641253
image_1819.jpg,20,3.789244
image_579.jpg,51,4.288227
image_3576.jpg,52,3.712442
image_3438.jpg,38,5.551109
image_4492.jpg,24,3.159465
image_4653.jpg,16,3.226169
image_2503.jpg,16,2.956992
image_4530.jpg,66,3.713083
image_1281.jpg,26,3.389660
image_867.jpg,62,5.314420
image_5002.jpg,23,4.208985
image_2053.jpg,18,3.035731
image_1256.jpg,36,3.570093
image_3166.jpg,34,5.049924
image_1773.jpg,33,4.177377
image_4210.jpg,19,3.375730
image_3004.jpg,41,6.624522
image_459.jpg,23,3.765304
image_4764.jpg,18,3.685407
image_4788.jpg,25,4.318436
image_2054.jpg,20,4.253516
image_804.jpg,4,1.239239
image_561.jpg,52,5.230769
image_1005.jpg,31,4.316556
image_3116.jpg,22,3.057014
image_2879.jpg,31,3.181580
image_1438.jpg,36,3.885948
image_429.jpg,55,5.695425
image_1457.jpg,46,3.141300
image_3316.jpg,17,2.642625
image_5053.jpg,37,4.753074
image_1749.jpg,48,5.056605
image_2275.jpg,23,3.252053
image_3628.jpg,27,3.148021
image_4227.jpg,59,3.475694
image_4460.jpg,20,4.216058
image_839.jpg,49,4.376874
image_2414.jpg,37,4.770736
image_1125.jpg,34,3.316625
image_436.jpg,43,5.241395
image_1978.jpg,25,4.143557
image_2073.jpg,17,3.332007
image_390.jpg,43,5.192715
image_3009.jpg,50,4.177082
image_1270.jpg,45,3.627261
image_3844.jpg,20,3.806546
image_2893.jpg,53,4.897385
image_4310.jpg,19,2.858036
image_2498.jpg,16,3.285084
image_4429.jpg,29,5.062870
image_4296.jpg,25,2.628635
image_3601.jpg,36,5.916180
image_3893.jpg,40,4.085884
image_3590.jpg,21,3.254228
image_1615.jpg,29,4.879841
image_1925.jpg,27,4.052700
image_4763.jpg,17,3.653346
image_1955.jpg,28,4.228475
image_3542.jpg,25,3.256252
image_3290.jpg,29,5.042570
image_1791.jpg,30,4.777947
image_953.jpg,23,4.480068
image_1801.jpg,23,3.187929
image_2544.jpg,21,4.045027
image_4319.jpg,40,4.812856
image_2323.jpg,22,4.108693
image_2265.jpg,36,4.399474
image_4426.jpg,20,4.337779
image_1357.jpg,47,5.140987
image_2881.jpg,38,5.557872
image_1316.jpg,38,4.599974
image_3443.jpg,35,5.343315
image_4372.jpg,32,3.429769
image_1951.jpg,24,3.513982
image_2654.jpg,47,3.631991
image_4344.jpg,18,2.793457
image_4095.jpg,16,2.459167
image_3529.jpg,28,4.419237
image_1966.jpg,37,4.748046
image_67.jpg,22,2.598871
image_2868.jpg,12,1.739787
image_76.jpg,23,3.704352
image_2042.jpg,42,4.973708
image_4151.jpg,34,4.769696
image_3992.jpg,25,3.530187
image_580.jpg,56,3.143669
image_1474.jpg,30,3.561796
image_1620.jpg,24,3.200945
image_908.jpg,31,3.313547
image_23.jpg,23,2.802655
image_2127.jpg,28,4.645454
image_558.jpg,28,3.130658
image_2681.jpg,24,3.591208
image_4784.jpg,26,4.452245
image_4511.jpg,31,4.014679
image_4205.jpg,16,1.697056
image_2375.jpg,25,4.067019
image_1324.jpg,26,3.245090
image_1627.jpg,27,4.098534
image_1854.jpg,21,3.774241
image_3155.jpg,23,2.807899
image_2492.jpg,16,3.366973
image_2565.jpg,28,5.226701
image_1145.jpg,27,2.861381
image_4604.jpg,28,2.963481
image_4670.jpg,15,1.707500
image_4437.jpg,51,5.422929
image_4432.jpg,55,4.249967
image_3234.jpg,66,5.205822
image_2455.jpg,52,4.576761
image_4821.jpg,35,4.424521
image_2367.jpg,19,2.985893
image_2165.jpg,20,2.767972
image_4306.jpg,31,4.907824
image_398.jpg,35,4.604789
image_4480.jpg,55,5.127703
image_831.jpg,33,4.160963
image_4820.jpg,37,5.789196
image_4762.jpg,14,2.333192
image_4751.jpg,27,5.960611
image_1844.jpg,26,3.906720
image_1056.jpg,27,3.329675
image_1378.jpg,25,3.697112
image_4753.jpg,23,3.689101
image_4499.jpg,42,5.645449
image_1879.jpg,19,3.492317
image_1347.jpg,32,3.411582
image_474.jpg,42,5.090159
image_2727.jpg,16,2.597264
image_4995.jpg,19,3.976975
image_4883.jpg,63,4.857740
image_2605.jpg,31,2.995532
image_1396.jpg,31,3.158533
image_3854.jpg,32,3.352394
image_1889.jpg,37,5.002222
image_340.jpg,27,3.363216
image_2234.jpg,25,5.027345
image_1724.jpg,25,4.823539
image_4529.jpg,82,5.642694
image_2747.jpg,17,3.058945
image_2363.jpg,26,5.168957
image_2374.jpg,20,4.516741
image_212.jpg,19,4.284338
image_3591.jpg,21,4.434516
image_1154.jpg,26,3.033823
image_2997.jpg,30,5.604003
image_5.jpg,20,3.994737
image_1111.jpg,44,4.581674
image_2465.jpg,52,4.254653
image_3150.jpg,48,6.213322
image_3244.jpg,22,3.233207
image_2469.jpg,31,4.357078
image_1240.jpg,27,3.247211
image_336.jpg,27,3.415939
image_2795.jpg,22,4.610674
image_2476.jpg,45,4.585805
image_1389.jpg,54,4.214655
image_848.jpg,49,6.396614
image_4877.jpg,38,5.122499
image_2496.jpg,20,3.556218
image_1468.jpg,38,4.227271
image_4032.jpg,24,3.221826
image_2540.jpg,26,4.252958
image_2015.jpg,14,2.410377
image_799.jpg,31,4.028008
image_2833.jpg,26,4.635461
image_4500.jpg,17,2.462158
image_1984.jpg,20,4.189715
image_1179.jpg,40,5.634845
image_1568.jpg,23,3.816724
image_1460.jpg,25,2.677984
image_3344.jpg,42,4.813176
image_3337.jpg,38,4.310273
image_3896.jpg,24,4.716663
image_1517.jpg,31,4.257856
image_4625.jpg,29,4.994385
image_2672.jpg,28,5.059644
image_1587.jpg,29,4.325290
image_4297.jpg,31,4.071885
image_2461.jpg,29,4.214546
image_2660.jpg,61,4.402187
image_1417.jpg,32,4.078315
image_3146.jpg,16,2.916059
image_4583.jpg,19,4.273952
image_4029.jpg,14,1.358323
image_3639.jpg,27,4.129165
image_2077.jpg,25,4.128103
image_326.jpg,25,3.989783
image_1743.jpg,50,4.533863
image_4262.jpg,13,2.692582
image_3463.jpg,27,4.768605
image_1950.jpg,18,2.921790
image_68.jpg,21,2.685113
image_3630.jpg,29,4.292026
image_5055.jpg,22,3.585686
image_2894.jpg,48,4.397600
image_3461.jpg,18,3.667807
image_789.jpg,38,3.562894
image_3706.jpg,20,5.559594
image_2818.jpg,49,5.746980
image_1687.jpg,28,4.623661
image_2143.jpg,39,4.897693
image_3784.jpg,33,4.773160
image_1449.jpg,54,5.414204
image_1044.jpg,54,4.532709
image_3608.jpg,34,4.411544
image_56.jpg,25,3.724683
image_2291.jpg,17,3.063842
image_2089.jpg,26,4.245075
image_3457.jpg,24,4.481908
image_283.jpg,27,3.833259
image_1008.jpg,31,5.017130
image_1183.jpg,61,4.907407
image_2169.jpg,27,4.787076
image_188.jpg,20,2.996597
image_4660.jpg,33,4.367232
image_3922.jpg,41,3.766630
image_3261.jpg,19,2.596883
image_4672.jpg,30,4.746846
image_2735.jpg,18,1.791613
image_4779.jpg,51,2.368431
image_39.jpg,24,2.124659
image_54.jpg,31,4.158076
image_1471.jpg,42,4.087794
image_3579.jpg,29,4.923413
image_2935.jpg,26,6.256237
image_4459.jpg,40,3.916631
image_4563.jpg,20,3.753412
image_2117.jpg,33,4.460570
image_822.jpg,35,3.067273
image_2344.jpg,27,3.401879
image_3389.jpg,14,2.913570
image_264.jpg,25,3.448671
image_324.jpg,57,4.429594
image_4539.jpg,18,2.985958
image_1440.jpg,40,4.761781
image_5078.jpg,17,1.934698
image_4592.jpg,21,3.798245
image_3421.jpg,56,4.659793
image_4286.jpg,24,3.837823
image_2184.jpg,48,4.829216
image_552.jpg,31,4.283928
image_4866.jpg,29,2.957290
image_576.jpg,51,3.554244
image_1574.jpg,21,3.657441
image_813.jpg,49,4.512966
image_5067.jpg,19,2.000000
image_2575.jpg,18,4.247811
image_2963.jpg,41,4.876585
image_1746.jpg,31,5.661315
image_3675.jpg,27,4.905224
image_2437.jpg,35,4.951916
image_2241.jpg,28,4.867850
image_225.jpg,55,4.955423
image_3198.jpg,23,4.404450
image_4394.jpg,24,3.987220
image_3450.jpg,28,3.878344
image_4174.jpg,42,4.499904
image_2542.jpg,17,3.541657
image_4400.jpg,27,3.879659
image_4652.jpg,24,5.016808
image_2101.jpg,18,2.547724
image_1362.jpg,28,4.159540
image_3615.jpg,20,3.639795
image_4506.jpg,32,5.530718
image_2604.jpg,43,4.436620
image_5016.jpg,48,4.514277
image_3686.jpg,48,4.921875
image_1563.jpg,12,2.201855
image_2740.jpg,9,1.439479
image_42.jpg,23,3.565392
image_682.jpg,30,4.388875
image_3192.jpg,30,2.524371
image_4673.jpg,28,4.890517
image_4531.jpg,48,5.166644
image_4867.jpg,28,4.750940
image_4025.jpg,19,3.848370
image_1406.jpg,56,5.198607
image_1446.jpg,27,4.360935
image_4008.jpg,36,2.813959
image_3264.jpg,36,4.705157
image_1705.jpg,27,3.497589
image_4954.jpg,30,3.971794
image_738.jpg,45,4.821825
image_3825.jpg,33,4.339739
image_1969.jpg,31,4.908481
image_2571.jpg,17,2.645189
image_3280.jpg,32,4.360286
image_4988.jpg,21,1.932184
image_1836.jpg,22,3.775488
image_193.jpg,23,2.270585
image_345.jpg,35,3.952379
image_503.jpg,25,2.790516
image_1777.jpg,24,3.588003
image_3781.jpg,20,3.347260
image_2841.jpg,42,3.622844
image_2904.jpg,36,5.567764
image_3401.jpg,25,3.293050
image_3556.jpg,50,4.291805
image_578.jpg,36,4.678556
image_3983.jpg,33,3.802183
image_851.jpg,37,4.206409
image_4576.jpg,6,1.950404
image_2638.jpg,37,4.578533
image_3349.jpg,39,4.273432
image_1895.jpg,21,3.401396
image_4783.jpg,53,3.751851
image_1014.jpg,33,4.657669
image_5076.jpg,18,2.019007
image_2317.jpg,28,4.358899
image_4425.jpg,56,5.064817
image_395.jpg,36,3.911748
image_1870.jpg,35,5.141903
image_4250.jpg,27,4.919182
image_4687.jpg,21,3.282607
image_4923.jpg,41,3.927020
image_2126.jpg,30,4.172926
image_106.jpg,24,1.699940
image_229.jpg,24,2.737395
image_2909.jpg,21,4.041404
image_157.jpg,22,2.968112
image_3171.jpg,38,5.319687
image_3178.jpg,37,5.404612
image_614.jpg,22,2.782049
image_3515.jpg,21,4.247209
image_2355.jpg,28,4.314775
image_2338.jpg,19,3.651124
image_3509.jpg,24,3.728850
image_3301.jpg,21,4.494895
image_4393.jpg,21,3.832283
image_4997.jpg,20,2.425418
image_3031.jpg,30,3.640055
image_535.jpg,54,5.637995
image_2873.jpg,30,4.657209
image_223.jpg,56,5.448624
image_267.jpg,21,2.736749
image_3080.jpg,39,4.426453
image_1876.jpg,28,4.108855
image_649.jpg,60,2.878198
image_1887.jpg,22,4.553831
image_3331.jpg,23,4.700804
image_2591.jpg,18,2.959561
image_4208.jpg,31,3.229330
image_189.jpg,24,2.818623
image_4163.jpg,53,5.087480
image_3440.jpg,27,3.990730
image_3088.jpg,22,3.613609
image_2433.jpg,36,5.156444
image_4587.jpg,36,4.735680
image_2555.jpg,31,5.030691
image_4076.jpg,26,3.032602
image_327.jpg,33,4.405647
image_3313.jpg,26,3.696244
image_3405.jpg,21,4.109609
image_591.jpg,56,4.068852
image_3809.jpg,16,2.416609
image_2161.jpg,31,4.318439
image_3583.jpg,27,4.634608
image_4016.jpg,35,3.879290
image_279.jpg,44,2.998622
image_1691.jpg,30,4.616559
image_4677.jpg,36,5.758214
image_312.jpg,29,4.666424
image_1053.jpg,25,3.081379
image_751.jpg,9,2.120117
image_3157.jpg,28,2.242678
image_1654.jpg,36,4.500771
image_4348.jpg,18,3.063944
image_1098.jpg,34,3.741657
image_2382.jpg,17,3.035588
image_2390.jpg,36,5.223977
image_2070.jpg,19,3.459894
image_4723.jpg,20,2.677984
image_3856.jpg,34,4.696334
image_2458.jpg,48,5.189543
image_239.jpg,24,2.352810
image_3070.jpg,55,5.639995
image_1427.jpg,27,1.558387
image_4143.jpg,17,3.881580
image_1103.jpg,44,4.455801
image_1402.jpg,31,4.448256
image_954.jpg,20,3.996526
image_2599.jpg,56,3.639354
image_4392.jpg,20,3.072368
image_3210.jpg,27,5.357122
image_291.jpg,49,4.391954
image_1588.jpg,56,4.364716
image_1547.jpg,32,4.182654
image_3814.jpg,29,4.059651
image_820.jpg,33,3.614737
image_3436.jpg,26,3.529223
image_2995.jpg,34,4.232021
image_3000.jpg,26,4.786762
image_38.jpg,25,3.484777
image_3835.jpg,23,3.279660
image_1698.jpg,49,4.289077
image_1695.jpg,24,3.477804
image_269.jpg,33,4.081372
image_213.jpg,18,3.944933
image_4719.jpg,16,2.061283
image_743.jpg,25,3.431546
image_94.jpg,30,2.807899
image_4747.jpg,21,2.818489
image_4588.jpg,20,2.631249
image_2160.jpg,31,3.719682
image_4490.jpg,27,3.713083
image_2439.jpg,50,5.158969
image_1120.jpg,35,4.976870
image_2334.jpg,14,1.820867
image_2546.jpg,29,3.678477
image_4948.jpg,13,1.790838
image_149.jpg,25,3.764706
image_1425.jpg,30,2.801099
image_4351.jpg,21,3.016959
image_243.jpg,19,2.650568
image_4433.jpg,56,3.567757
image_4452.jpg,26,3.580702
image_4304.jpg,23,4.399474
image_4702.jpg,23,3.762160
image_3408.jpg,24,4.038014
image_3772.jpg,18,3.525137
image_1152.jpg,27,2.344120
image_4630.jpg,51,5.529592
image_2539.jpg,28,4.315594
image_3679.jpg,20,2.840592
image_720.jpg,68,5.225472
image_3815.jpg,39,5.115174
image_3925.jpg,22,4.532591
image_202.jpg,32,4.883532
image_4398.jpg,26,4.913790
image_1013.jpg,35,5.731673
image_2484.jpg,28,3.853426
image_505.jpg,39,4.822286
image_3555.jpg,50,1.972027
image_3877.jpg,29,5.517019
image_4780.jpg,53,4.131141
image_3423.jpg,18,3.028127
image_3498.jpg,22,3.828524
image_3256.jpg,27,4.503967
image_3399.jpg,26,3.935812
image_784.jpg,58,4.506169
image_658.jpg,33,2.796871
image_2267.jpg,44,5.520165
image_4984.jpg,22,3.319973
image_3045.jpg,30,4.549115
image_3233.jpg,33,5.382585
image_1358.jpg,24,3.771585
image_2029.jpg,36,4.385159
image_4962.jpg,28,4.479087
image_277.jpg,23,2.547508
image_1764.jpg,29,3.728571
image_4725.jpg,31,2.199258
image_499.jpg,34,4.110889
image_4572.jpg,32,3.520019
image_457.jpg,24,3.291403
image_4775.jpg,19,3.537698
image_3598.jpg,23,2.617250
image_2066.jpg,27,4.297206
image_1822.jpg,15,2.711439
image_5020.jpg,21,3.091206
image_4048.jpg,36,4.844495
image_3058.jpg,44,5.035871
image_2191.jpg,25,4.349896
image_4770.jpg,16,3.179173
image_4752.jpg,28,4.227271
image_727.jpg,25,3.088440
image_610.jpg,26,4.182080
image_1828.jpg,21,3.567915
image_1126.jpg,28,3.540133
image_4971.jpg,21,3.329675
image_3025.jpg,32,4.305312
image_2023.jpg,16,2.975159
image_1768.jpg,28,3.516030
image_548.jpg,35,3.625308
image_1628.jpg,39,4.428019
image_75.jpg,29,3.745192
image_522.jpg,38,3.186510
image_4819.jpg,21,4.454211
image_4793.jpg,51,3.303870
image_331.jpg,26,3.717718
image_3735.jpg,25,4.616666
image_4887.jpg,25,4.909383
image_3853.jpg,28,6.696285
image_982.jpg,55,3.856946
image_1553.jpg,13,1.854027
image_3386.jpg,22,3.260775
image_852.jpg,28,3.407267
image_2397.jpg,31,3.609341
image_2570.jpg,20,4.169921
image_2900.jpg,24,4.242208
image_3808.jpg,19,3.911748
image_1162.jpg,25,2.449490
image_2786.jpg,9,1.436065
image_3019.jpg,32,4.232380
image_2345.jpg,28,3.715357
image_3745.jpg,19,2.734152
image_2129.jpg,33,4.325264
image_3847.jpg,21,4.552167
image_3693.jpg,28,3.967752
image_1921.jpg,39,5.075772
image_4629.jpg,23,4.007390
image_2287.jpg,17,2.793243
image_4404.jpg,18,3.681171
image_2014.jpg,32,4.288697
image_4679.jpg,51,3.335999
image_1084.jpg,28,3.530090
image_4185.jpg,17,2.560382
image_4131.jpg,22,4.214309
image_984.jpg,59,5.392253
image_2842.jpg,26,3.684204
image_3113.jpg,16,2.651383
image_2236.jpg,18,3.446455
image_4532.jpg,12,1.472538
image_1592.jpg,30,3.497859
image_1018.jpg,31,3.304295
image_1454.jpg,28,4.225419
image_2524.jpg,24,5.340478
image_1071.jpg,33,3.902511
image_1962.jpg,22,4.744310
image_3562.jpg,27,4.387482
image_2097.jpg,19,3.487284
image_2537.jpg,24,5.656240
image_2482.jpg,27,3.602111
image_4111.jpg,25,5.116208
image_3969.jpg,24,3.408540
image_1621.jpg,57,4.366562
image_827.jpg,57,5.037107
image_3845.jpg,55,4.714743
image_4981.jpg,42,4.716450
image_2298.jpg,24,3.986004
image_1408.jpg,59,5.865847
image_4182.jpg,14,2.454316
image_2734.jpg,15,2.699987
image_46.jpg,41,4.954543
image_1464.jpg,40,3.711489
image_2225.jpg,44,4.270831
image_3942.jpg,26,3.656651
image_2594.jpg,46,4.703044
image_2176.jpg,57,5.035359
image_4902.jpg,32,2.294625
image_4281.jpg,19,3.372530
image_1060.jpg,27,3.642157
image_1309.jpg,21,2.398224
image_3684.jpg,19,3.180496
image_2613.jpg,53,5.377135
image_3197.jpg,24,4.908043
image_176.jpg,17,2.776570
image_3695.jpg,28,4.766459
image_4796.jpg,59,2.576636
image_757.jpg,54,5.073761
image_2686.jpg,39,4.576909
image_410.jpg,24,3.178371
image_798.jpg,38,3.975050
image_664.jpg,55,5.076923
image_339.jpg,28,3.267194
image_2750.jpg,51,5.731360
image_132.jpg,23,2.413116
image_2107.jpg,27,4.948433
image_2791.jpg,27,4.373374
image_1797.jpg,21,3.863299
image_911.jpg,47,5.378054
image_1916.jpg,33,4.033698
image_1833.jpg,27,4.659955
image_3993.jpg,17,3.004249
image_862.jpg,39,4.609019
image_4675.jpg,35,4.731570
image_1433.jpg,37,2.859635
image_1346.jpg,27,3.223435
image_4632.jpg,22,2.630279
image_4475.jpg,21,3.410750
image_3288.jpg,32,5.157720
image_1871.jpg,23,4.381780
image_547.jpg,50,4.895333
image_4237.jpg,43,3.613565
image_3073.jpg,30,4.980518
image_2260.jpg,35,4.948717
image_3895.jpg,37,5.734762
image_4715.jpg,52,3.499789
image_2762.jpg,28,4.457185
image_4405.jpg,19,4.255449
image_2746.jpg,45,4.193850
image_2569.jpg,44,4.728978
image_628.jpg,35,4.977500
image_3504.jpg,37,5.153249
image_16.jpg,4,1.581139
image_1793.jpg,17,3.756317
image_1510.jpg,29,4.723629
image_1974.jpg,20,3.812614
image_2813.jpg,25,4.084085
image_2950.jpg,23,4.901756
image_3719.jpg,27,4.200986
image_1642.jpg,39,4.383546
image_2171.jpg,27,5.135903
image_313.jpg,36,5.400617
image_3330.jpg,45,3.097893
image_786.jpg,42,4.245429
image_1524.jpg,37,4.694828
image_260.jpg,21,4.665117
image_1420.jpg,46,4.235662
image_5033.jpg,30,4.199733
image_2917.jpg,29,4.368811
image_3625.jpg,23,4.345844
image_1147.jpg,27,4.413535
image_870.jpg,50,4.843100
image_2274.jpg,17,2.964090
image_4064.jpg,50,4.708460
image_1436.jpg,43,3.077698
image_4187.jpg,24,3.626856
image_469.jpg,30,4.437060
image_2316.jpg,22,4.205651
image_2683.jpg,37,4.440971
image_4279.jpg,30,4.296496
image_3358.jpg,41,4.153517
image_2071.jpg,47,4.594244
image_2024.jpg,31,4.540792
image_3850.jpg,32,4.516898
image_2192.jpg,25,4.356650
image_3943.jpg,27,5.169056
image_4180.jpg,45,5.134553
image_4935.jpg,21,2.038099
image_4072.jpg,22,2.925842
image_4252.jpg,40,4.787076
image_3148.jpg,51,4.763140
image_192.jpg,47,5.497474
image_900.jpg,27,3.326609
image_2954.jpg,31,4.479087
image_545.jpg,47,3.983695
image_3016.jpg,28,4.421654
image_3906.jpg,23,3.640055
image_4396.jpg,16,4.108851
image_59.jpg,22,2.587717
image_360.jpg,71,3.732157
image_4646.jpg,30,3.989783
image_1426.jpg,28,2.931163
image_2822.jpg,36,4.424061
image_1964.jpg,39,4.740759
image_2050.jpg,36,4.789321
image_4961.jpg,29,5.566170
image_139.jpg,22,1.983310
image_4622.jpg,29,5.091510
image_634.jpg,57,4.329325
image_1800.jpg,22,3.944599
image_4079.jpg,15,2.586898
image_2854.jpg,34,5.126788
image_1908.jpg,20,4.135919
image_2120.jpg,36,4.156852
image_1523.jpg,38,4.522267
image_2687.jpg,56,4.867626
image_3476.jpg,72,4.898136
image_4189.jpg,34,4.400091
image_2178.jpg,29,5.027484
image_4738.jpg,16,2.463941
image_2239.jpg,59,4.362516
image_3667.jpg,21,2.782049
image_493.jpg,37,5.218198
image_2199.jpg,21,4.344462
image_241.jpg,23,1.806162
image_1387.jpg,22,3.301425
image_1112.jpg,18,3.365330
image_2232.jpg,16,2.612316
image_4947.jpg,24,1.797107
image_1874.jpg,20,3.490913
image_3521.jpg,42,4.990295
image_4231.jpg,19,3.641733
image_4481.jpg,57,3.737944
image_3217.jpg,47,4.646504
image_3984.jpg,33,3.695129
image_1447.jpg,35,4.692938
image_585.jpg,60,4.252392
image_4295.jpg,25,3.537698
image_230.jpg,26,3.000986
image_1491.jpg,37,3.101822
image_4073.jpg,18,2.789375
image_1856.jpg,22,4.274963
image_3714.jpg,27,3.920876
image_1355.jpg,26,5.165887
image_4579.jpg,46,4.659995
image_3307.jpg,25,2.881936
image_314.jpg,37,3.529034
image_1197.jpg,57,5.433292
image_2300.jpg,37,4.342275
image_2459.jpg,32,5.194147
image_1024.jpg,29,3.184785
image_5007.jpg,20,2.516611
image_3382.jpg,25,5.220228
image_4287.jpg,24,4.558576
image_3587.jpg,23,3.607673
image_1021.jpg,31,4.435478
image_2182.jpg,32,4.956598
image_3486.jpg,31,3.316283
image_2776.jpg,43,3.998615
image_3666.jpg,28,3.411582
image_1113.jpg,28,3.319300
image_2984.jpg,46,4.637319
image_3059.jpg,26,4.139777
image_3205.jpg,19,3.039682
image_3041.jpg,33,4.587636
image_1802.jpg,22,4.727260
image_4038.jpg,30,4.670931
image_4926.jpg,20,2.995367
image_1530.jpg,22,3.243662
image_3250.jpg,20,3.331499
image_286.jpg,7,1.456863
image_400.jpg,29,3.774917
image_4769.jpg,18,2.575394
image_841.jpg,38,4.757915
image_2994.jpg,23,5.073761
image_3186.jpg,27,3.489050
image_1133.jpg,30,5.530978
image_1381.jpg,28,3.765304
image_2890.jpg,40,4.014418
image_4010.jpg,37,4.610857
image_2682.jpg,29,4.712590
image_2493.jpg,32,5.870388
image_998.jpg,42,3.519624
image_3015.jpg,30,2.947268
image_2289.jpg,21,3.994226
image_1428.jpg,59,3.599816
image_2528.jpg,49,4.009050
image_178.jpg,17,2.635924
image_4326.jpg,21,4.296769
image_2982.jpg,39,4.972627
image_4692.jpg,17,3.681787
image_4571.jpg,17,2.460804
image_995.jpg,27,3.664502
image_3008.jpg,25,3.602268
image_4457.jpg,41,4.923077
image_4882.jpg,25,4.172309
image_1142.jpg,63,5.792716
image_4061.jpg,19,2.717465
image_1634.jpg,22,4.289753
image_4331.jpg,18,3.992979
image_1867.jpg,32,4.584775
image_4482.jpg,20,4.061391
image_2413.jpg,33,3.628987
image_3607.jpg,28,4.699291
image_4322.jpg,33,4.667653
image_4765.jpg,20,3.374575
image_4958.jpg,21,3.249033
image_1855.jpg,23,3.987611
image_3873.jpg,29,4.860240
image_3281.jpg,15,1.608988
image_1652.jpg,24,3.861799
image_2233.jpg,16,2.447802
image_1181.jpg,50,3.884702
image_4402.jpg,27,3.778859
image_4573.jpg,35,3.863369
image_3253.jpg,23,5.780114
image_1571.jpg,24,3.423203
image_2554.jpg,27,5.734614
image_4471.jpg,29,3.997777
image_1419.jpg,46,3.214243
image_5021.jpg,18,2.719477
image_2535.jpg,23,5.034349
image_2699.jpg,43,3.704352
image_4470.jpg,26,3.234658
image_2579.jpg,12,3.341892
image_1289.jpg,62,4.821105
image_350.jpg,37,3.604731
image_344.jpg,52,4.546809
image_1345.jpg,27,3.285255
image_2788.jpg,36,4.329411
image_4313.jpg,21,4.774242
image_195.jpg,37,5.515000
image_328.jpg,37,3.278042
image_3111.jpg,32,4.069865
image_2758.jpg,20,3.724574
image_4020.jpg,25,3.682557
image_3959.jpg,30,4.209704
image_4308.jpg,21,3.193048
image_3057.jpg,26,4.335074
image_510.jpg,23,3.813709
image_3304.jpg,24,5.111262
image_1602.jpg,30,4.691114
image_2205.jpg,37,4.769630
image_1622.jpg,28,3.739502
image_1096.jpg,31,3.031089
image_2965.jpg,41,4.379412
image_1593.jpg,27,4.556453
image_5013.jpg,20,2.556039
image_891.jpg,33,3.771585
image_4749.jpg,28,4.365267
image_2903.jpg,40,3.929149
image_372.jpg,28,3.666577
image_3987.jpg,30,4.038390
image_1952.jpg,29,4.576213
image_916.jpg,26,2.867900
image_1556.jpg,23,5.146396
image_4871.jpg,31,3.612929
image_5027.jpg,19,3.129785
image_1898.jpg,25,3.976333
image_1318.jpg,29,3.522522
image_1238.jpg,23,2.380890
image_3341.jpg,17,2.987218
image_403.jpg,49,5.642405
image_1976.jpg,38,4.319057
image_4215.jpg,26,4.534314
image_1302.jpg,40,5.945758
image_299.jpg,34,4.866063
image_685.jpg,57,2.499587
image_2046.jpg,29,4.519058
image_989.jpg,38,5.822442
image_3433.jpg,52,4.942646
image_4317.jpg,49,5.264557
image_940.jpg,11,3.708299
image_3002.jpg,49,4.428318
image_3571.jpg,27,5.597097
image_543.jpg,40,5.678297
image_704.jpg,46,4.221159
image_2770.jpg,16,2.081666
image_3919.jpg,31,2.360791
image_234.jpg,16,2.177107
image_1036.jpg,57,5.551245
image_4812.jpg,26,2.721816
image_3084.jpg,22,4.383713
image_4924.jpg,20,2.515728
image_846.jpg,69,4.196364
image_4713.jpg,28,3.399346
image_635.jpg,45,5.251323
image_2863.jpg,29,5.022284
image_169.jpg,20,2.639099
image_4003.jpg,15,2.699987
image_2987.jpg,33,4.251001
image_5047.jpg,15,2.144047
image_2617.jpg,27,4.743416
image_1054.jpg,29,4.283928
image_3131.jpg,53,4.313113
image_1041.jpg,40,5.400775
image_4912.jpg,19,2.638026
image_3691.jpg,22,3.258466
image_215.jpg,29,4.443658
image_433.jpg,59,4.431579
image_3485.jpg,25,3.630385
image_4524.jpg,60,3.138294
image_3384.jpg,30,3.958973
image_4300.jpg,26,3.896437
image_712.jpg,31,4.356862
image_2174.jpg,43,5.540024
image_3209.jpg,25,4.166667
image_3973.jpg,18,2.487803
image_2350.jpg,24,4.852472
image_467.jpg,26,5.180756
image_460.jpg,27,3.431494
image_1216.jpg,71,5.122798
image_3911.jpg,50,4.993746
image_3724.jpg,26,4.852577
image_2348.jpg,17,2.757742
image_3195.jpg,32,4.609349
image_266.jpg,63,5.453421
image_2651.jpg,38,4.654650
image_4960.jpg,23,3.374743
image_281.jpg,28,3.712225
image_1279.jpg,33,4.202162
image_2224.jpg,28,4.051102
image_1892.jpg,19,3.574558
image_3789.jpg,28,4.367714
image_4141.jpg,26,2.743629
image_858.jpg,78,5.103880
image_4839.jpg,34,4.567702
image_4802.jpg,29,4.002957
image_3585.jpg,41,4.257143
image_1016.jpg,38,4.630744
image_3277.jpg,78,6.210989
image_31.jpg,24,2.523238
image_557.jpg,37,4.696719
image_836.jpg,52,3.332782
image_1322.jpg,28,3.081379
image_4617.jpg,23,4.017324
image_1030.jpg,49,5.672902
image_3696.jpg,36,4.489304
image_2611.jpg,28,4.624380
image_3898.jpg,33,5.681897
image_45.jpg,16,1.385051
image_2272.jpg,29,4.800111
image_1545.jpg,19,3.773463
image_1445.jpg,46,4.794970
image_2600.jpg,37,4.941753
image_2755.jpg,38,4.927643
image_3643.jpg,18,3.764887
image_5048.jpg,22,3.721410
image_4641.jpg,21,2.867900
image_2391.jpg,32,4.117379
image_2612.jpg,54,4.216358
image_2039.jpg,26,3.860245
image_4584.jpg,27,3.622068
image_389.jpg,36,3.122736
image_300.jpg,7,2.266295
image_1672.jpg,33,5.322506
image_4050.jpg,17,2.056597
image_4654.jpg,14,1.641304
image_3511.jpg,35,4.878549
image_4910.jpg,38,4.199567
image_3725.jpg,34,4.555217
image_3287.jpg,21,4.034190
image_502.jpg,47,6.602850
image_922.jpg,29,3.835369
image_4046.jpg,21,4.991830
image_4380.jpg,26,4.383847
image_3311.jpg,45,5.864434
image_1922.jpg,24,4.446427
image_2847.jpg,20,3.609161
image_844.jpg,37,4.918079
image_969.jpg,11,3.000986
image_1710.jpg,25,4.120536
image_4336.jpg,17,3.774917
image_2252.jpg,28,4.418515
image_1237.jpg,36,3.684615
image_514.jpg,24,3.938947
image_1884.jpg,25,3.822538
image_4311.jpg,33,3.935125
image_4347.jpg,24,3.606938
image_4711.jpg,54,5.413741
image_4121.jpg,26,3.378122
image_667.jpg,57,3.991114
image_4844.jpg,24,4.010827
image_833.jpg,44,3.565117
image_3263.jpg,28,4.645039
image_2479.jpg,35,4.620335
image_3514.jpg,51,4.407216
image_3978.jpg,34,3.755268
image_3066.jpg,20,4.017535
image_3711.jpg,25,3.214967
image_1662.jpg,36,5.198000
image_1315.jpg,32,3.791101
image_857.jpg,54,3.374575
image_3612.jpg,28,4.335897
image_4544.jpg,25,3.562589
image_5005.jpg,20,2.133312
image_3610.jpg,21,3.904067
image_2425.jpg,37,4.753894
image_1050.jpg,37,4.375255
image_1781.jpg,48,4.530411
image_1970.jpg,16,2.598015
image_3353.jpg,61,3.603384
image_1168.jpg,18,1.732051
image_4771.jpg,18,2.807606
image_4517.jpg,21,4.623552
image_1875.jpg,27,3.687609
image_2577.jpg,25,4.873638
image_2428.jpg,43,4.213617
image_884.jpg,62,5.244438
image_3130.jpg,25,3.613912
image_3523.jpg,16,3.472986
image_4695.jpg,23,4.024370
image_1938.jpg,31,4.370567
image_2624.jpg,41,4.231805
image_2884.jpg,46,3.915780
image_2864.jpg,30,4.023783
image_391.jpg,42,5.955760
image_871.jpg,50,5.678297
image_3768.jpg,45,3.986226
image_2114.jpg,41,4.175962
image_4421.jpg,32,3.906689
image_2018.jpg,20,3.889218
image_1248.jpg,23,3.579990
image_3623.jpg,49,4.541001
image_3046.jpg,24,3.127397
image_1733.jpg,33,4.224570
image_3431.jpg,39,6.044056
image_3528.jpg,26,4.349525
image_1919.jpg,25,3.333500
image_5045.jpg,15,1.874915
image_1508.jpg,25,3.673740
image_3910.jpg,39,4.532459
image_3787.jpg,24,3.774803
image_4401.jpg,38,5.122798
image_4493.jpg,44,4.825527
image_526.jpg,58,4.325513
image_4768.jpg,20,3.776944
image_3388.jpg,21,3.274591
image_3506.jpg,28,3.303571
image_3417.jpg,49,4.517127
image_1461.jpg,29,3.690705
image_2464.jpg,44,5.213070
image_701.jpg,47,2.661453
image_3478.jpg,49,3.645443
image_4206.jpg,17,3.668770
image_4375.jpg,28,4.609349
image_4808.jpg,16,2.587148
image_957.jpg,24,3.342394
image_575.jpg,50,4.823412
image_2596.jpg,50,4.659399
image_3638.jpg,40,4.986203
image_1915.jpg,37,4.342251
image_293.jpg,48,4.590903
image_2307.jpg,31,4.647643
image_4431.jpg,58,3.630733
image_2869.jpg,38,5.002550
image_906.jpg,28,3.830596
image_756.jpg,61,4.197773
image_1304.jpg,29,3.772213
image_1163.jpg,30,3.554962
image_2827.jpg,14,3.191174
image_4659.jpg,22,3.020339
image_1565.jpg,28,3.560423
image_4840.jpg,29,3.363216
image_304.jpg,31,4.974239
image_2840.jpg,54,4.336071
image_3125.jpg,35,3.943627
image_3985.jpg,31,3.784308
image_2318.jpg,44,4.295055
image_1699.jpg,55,5.159572
image_5059.jpg,25,5.001775
image_1767.jpg,22,4.424703
image_2745.jpg,29,4.064752
image_2487.jpg,38,4.928235
image_1769.jpg,63,4.434318
image_640.jpg,24,4.361288
image_1001.jpg,36,4.412194
image_910.jpg,48,4.257955
image_487.jpg,39,4.999408
image_834.jpg,23,4.216101
image_5015.jpg,21,3.093773
image_227.jpg,24,3.862210
image_939.jpg,13,2.274115
image_907.jpg,30,4.197773
image_1129.jpg,41,3.932869
image_1296.jpg,32,4.236021
image_4666.jpg,20,3.398679
image_1170.jpg,26,4.157609
image_4582.jpg,23,5.208000
image_3687.jpg,30,3.860355
image_537.jpg,49,3.892034
image_3595.jpg,28,4.226971
image_3620.jpg,28,3.583328
image_297.jpg,38,5.533117
image_1775.jpg,39,4.599823
image_1759.jpg,25,4.268874
image_3931.jpg,26,4.482063
image_184.jpg,8,2.353708
image_806.jpg,26,3.542742
image_4026.jpg,49,4.845782
image_724.jpg,27,4.583221
image_2242.jpg,39,5.951049
image_1690.jpg,31,4.343204
image_762.jpg,59,4.410853
image_4454.jpg,20,2.400690
image_4538.jpg,17,3.255081
image_2446.jpg,22,4.120545
image_3549.jpg,16,3.678352
image_1475.jpg,38,4.665117
image_4356.jpg,54,3.537733
image_3406.jpg,31,4.852366
image_1404.jpg,32,3.922323
image_4922.jpg,38,4.293934
image_931.jpg,22,3.708299
image_4316.jpg,22,3.518058
image_1808.jpg,18,3.445840
image_3010.jpg,44,4.272002
image_420.jpg,26,2.868727
image_4701.jpg,21,2.858036
image_2623.jpg,60,4.204320
image_64.jpg,6,1.908096
image_1151.jpg,27,3.634444
image_4327.jpg,18,4.007646
image_1685.jpg,52,4.923097
image_1852.jpg,21,3.896351
image_2118.jpg,40,4.846210
image_783.jpg,42,3.949384
image_4668.jpg,15,1.667517
image_4865.jpg,25,4.697979
image_4869.jpg,29,3.843609
image_898.jpg,32,3.779645
image_1636.jpg,30,4.837995
image_1782.jpg,41,4.485750
image_490.jpg,59,4.786410
image_226.jpg,28,3.074999
image_2712.jpg,54,4.209211
image_4507.jpg,36,5.437107
image_4557.jpg,35,5.356071
image_3410.jpg,30,4.194953
image_1250.jpg,37,4.209035
image_1842.jpg,28,4.073619
image_4848.jpg,25,5.745078
image_3480.jpg,51,3.877617
image_1582.jpg,37,4.320038
image_2491.jpg,50,4.561904
image_684.jpg,47,5.163978
image_1366.jpg,44,3.281651
image_3306.jpg,33,5.428030
image_1085.jpg,23,2.240034
image_3664.jpg,23,5.152495
image_3944.jpg,23,4.014418
image_1786.jpg,23,5.892965
image_2142.jpg,29,4.236083
image_4503.jpg,24,3.682144
image_1824.jpg,37,4.289741
image_2947.jpg,34,4.117113
image_904.jpg,26,1.985920
image_1872.jpg,20,4.062395
image_947.jpg,14,3.182794
image_711.jpg,32,4.049984
image_19.jpg,3,1.151397
image_3804.jpg,26,4.170798
image_816.jpg,32,4.333227
image_2831.jpg,31,4.897067
image_1390.jpg,51,5.687437
image_346.jpg,26,2.994042
image_250.jpg,47,5.249339
image_3158.jpg,40,5.473099
image_3935.jpg,16,3.781121
image_905.jpg,28,3.353341
image_3285.jpg,22,2.946915
image_47.jpg,21,4.829181
image_3774.jpg,30,4.616877
image_1330.jpg,57,3.743866
image_519.jpg,50,5.589549
image_3912.jpg,51,3.831416
image_2999.jpg,25,4.515267
image_4804.jpg,17,3.313948
image_4438.jpg,37,3.661732
image_4999.jpg,19,2.143725
image_423.jpg,38,3.386363
image_1747.jpg,29,4.171197
image_2401.jpg,27,4.111308
image_2436.jpg,16,2.821113
image_4086.jpg,40,5.335000
image_1398.jpg,49,3.962635
image_1000.jpg,32,5.390846
image_3216.jpg,18,3.991074
image_413.jpg,33,3.308153
image_2607.jpg,35,4.443658
image_3955.jpg,30,4.874763
image_387.jpg,46,3.527929
image_1002.jpg,24,3.494164
image_2321.jpg,23,4.004585
image_673.jpg,47,4.206222
image_2583.jpg,21,3.911932
image_3503.jpg,48,4.536636
image_3245.jpg,24,3.721312
image_3801.jpg,29,5.379951
image_79.jpg,25,3.634539
image_4814.jpg,57,4.422166
image_2706.jpg,36,4.973391
image_3115.jpg,26,4.274299
image_3085.jpg,17,2.999711
image_2707.jpg,33,5.051717
image_990.jpg,44,4.777908
image_2644.jpg,45,4.279278
image_3564.jpg,24,4.113198
image_1364.jpg,48,5.329387
image_5009.jpg,21,2.631249
image_3407.jpg,30,4.122831
image_2190.jpg,40,4.705882
image_2580.jpg,23,4.262772
image_5054.jpg,34,3.291403
image_556.jpg,33,3.127397
image_2656.jpg,39,4.492533
image_4428.jpg,28,4.122831
image_2049.jpg,26,3.860448
image_3775.jpg,28,5.114059
image_1321.jpg,26,3.644957
image_1305.jpg,25,2.425418
image_5066.jpg,24,3.574285
image_2475.jpg,58,4.344537
image_396.jpg,32,2.798809
image_2324.jpg,18,3.055407
image_2676.jpg,52,4.844858
image_4553.jpg,17,2.474358
image_341.jpg,39,4.696938
image_3464.jpg,22,3.867172
image_4535.jpg,25,4.046288
image_2153.jpg,23,5.398412
image_2159.jpg,22,3.028670
image_1076.jpg,27,3.647678
image_4761.jpg,53,3.229035
image_3332.jpg,41,4.719399
image_4041.jpg,23,4.521239
image_3552.jpg,19,3.660306
image_416.jpg,37,3.200765
image_1762.jpg,29,4.080541
image_4526.jpg,8,1.980775
image_1114.jpg,29,4.608652
image_1965.jpg,26,4.138423
image_2696.jpg,42,4.767313
image_3439.jpg,37,3.955260
image_1385.jpg,42,3.975620
image_4596.jpg,30,1.920286
image_4913.jpg,25,4.083941
image_4019.jpg,24,2.865149
image_1080.jpg,27,2.777765
image_1599.jpg,23,4.196772
image_4070.jpg,21,4.712608
image_3208.jpg,20,4.109051
image_2278.jpg,28,4.114191
image_200.jpg,34,2.792052
image_4088.jpg,51,3.325446
image_422.jpg,38,3.932869
image_3887.jpg,27,3.831484
image_3769.jpg,22,3.411728
image_796.jpg,39,4.455801
image_276.jpg,29,2.820559
image_2206.jpg,23,1.726594
image_935.jpg,17,3.555145
image_4496.jpg,25,4.430929
image_1118.jpg,48,5.818433
image_2501.jpg,56,5.277776
image_3416.jpg,21,4.601790
image_592.jpg,52,3.839244
image_2634.jpg,35,5.186508
image_2586.jpg,34,3.981729
image_96.jpg,33,3.730733
image_933.jpg,21,4.251001
image_1423.jpg,33,3.043897
image_979.jpg,50,5.909790
image_1319.jpg,25,2.710524
image_126.jpg,49,5.547578
image_3502.jpg,38,5.372948
image_1288.jpg,32,3.481731
image_2333.jpg,31,5.229199
image_3101.jpg,20,3.703002
image_166.jpg,19,2.106537
image_996.jpg,41,4.048809
image_374.jpg,56,5.512612
image_2016.jpg,38,5.031449
image_1484.jpg,31,3.078846
image_3052.jpg,36,3.640055
image_4609.jpg,33,4.116294
image_4987.jpg,21,4.464190
image_4915.jpg,37,3.337738
image_1407.jpg,32,3.769507
image_2429.jpg,63,4.413112
image_2738.jpg,52,5.705613
image_4730.jpg,36,4.959004
image_3123.jpg,37,4.414725
image_3525.jpg,31,3.784198
image_1937.jpg,24,4.216809
image_4373.jpg,19,2.526306
image_4411.jpg,18,4.130628
image_4248.jpg,24,3.803268
image_4892.jpg,46,3.958973
image_4081.jpg,24,3.752711
image_3889.jpg,29,3.965223
image_262.jpg,22,3.386363
image_970.jpg,10,2.575394
image_1688.jpg,28,3.911923
image_544.jpg,43,4.616666
image_3372.jpg,31,3.453822
image_2281.jpg,26,5.739082
image_3819.jpg,29,3.635966
image_4891.jpg,34,4.713069
image_4247.jpg,23,3.997158
image_1534.jpg,30,4.132021
image_3095.jpg,12,1.617380
image_2041.jpg,29,4.845101
image_1160.jpg,29,3.020339
image_4918.jpg,17,2.161821
image_2376.jpg,32,4.784349
image_1790.jpg,16,2.858785
image_2943.jpg,24,4.711216
image_4363.jpg,57,4.851645
image_4465.jpg,36,4.959004
image_4418.jpg,21,3.392075
image_1529.jpg,24,3.056767
image_2302.jpg,16,3.010392
image_593.jpg,55,4.559923
image_504.jpg,24,3.051430
image_2431.jpg,52,4.124493
image_2147.jpg,42,3.919012
image_994.jpg,25,3.390413
image_3823.jpg,19,2.499219
image_2724.jpg,31,3.927070
image_3577.jpg,22,4.387482
image_2548.jpg,15,2.267236
image_1059.jpg,30,3.159049
image_2135.jpg,52,4.324206
image_801.jpg,25,3.880879
image_4933.jpg,22,2.281907
image_3881.jpg,17,2.983827
image_534.jpg,50,4.593696
image_4852.jpg,55,4.428258
image_2062.jpg,21,4.942019
image_3145.jpg,19,3.042236
image_601.jpg,27,4.467570
image_3661.jpg,29,3.039351
image_3763.jpg,20,3.128698
image_3454.jpg,41,4.640171
image_4002.jpg,34,4.007390
image_1989.jpg,23,3.182292
image_2026.jpg,28,4.157571
image_1242.jpg,29,3.555145
image_4661.jpg,31,4.038151
image_3194.jpg,38,3.916611
image_520.jpg,47,4.973912
image_2697.jpg,63,5.108109
image_393.jpg,29,4.290474
image_4975.jpg,20,2.788460
image_2655.jpg,44,5.245576
image_204.jpg,42,5.958188
image_644.jpg,56,4.335134
image_3292.jpg,25,3.226953
image_1585.jpg,33,4.498235
image_290.jpg,34,4.011817
image_1532.jpg,57,4.776727
image_2189.jpg,28,4.525393
image_1829.jpg,44,4.895917
image_397.jpg,36,3.354763
image_3803.jpg,23,4.358220
image_565.jpg,51,4.751462
image_4074.jpg,37,5.085656
image_1017.jpg,38,4.969293
image_941.jpg,22,4.601260
image_3367.jpg,28,4.915933
image_1658.jpg,25,3.675686
image_3005.jpg,44,4.179979
image_3188.jpg,31,4.970915
image_15.jpg,19,2.523959
image_1795.jpg,35,5.366124
image_4727.jpg,56,3.782551
image_4607.jpg,23,4.456135
image_117.jpg,24,1.920286
image_2754.jpg,33,4.654601
image_3941.jpg,25,3.765875
image_4930.jpg,15,1.906079
image_797.jpg,65,4.513585
image_3061.jpg,34,4.152840
image_3091.jpg,46,4.681706
image_1991.jpg,38,5.175346
image_4759.jpg,25,4.569754
image_3526.jpg,28,3.911111
image_1522.jpg,35,4.942647
image_4009.jpg,36,3.869396
image_3086.jpg,28,4.128375
image_2684.jpg,41,4.585358
image_2516.jpg,16,2.635124
image_2093.jpg,18,4.774165
image_57.jpg,24,3.139964
image_1901.jpg,25,3.805327
image_3087.jpg,34,5.810336
image_3452.jpg,59,4.184421
image_4787.jpg,51,4.480068
image_207.jpg,5,1.448712
image_24.jpg,23,2.668163
image_3390.jpg,25,3.898225
image_946.jpg,16,1.642627
image_2251.jpg,13,2.061974
image_4898.jpg,21,3.305067
image_170.jpg,21,3.171019
image_4937.jpg,23,4.065786
image_1701.jpg,41,4.734377
image_359.jpg,45,5.948856
image_2650.jpg,39,4.060775
image_2411.jpg,14,2.625972
image_4407.jpg,53,4.378971
image_2515.jpg,30,5.282564
image_3938.jpg,34,5.495048
image_419.jpg,44,4.253784
image_1942.jpg,21,2.974869
image_4291.jpg,32,4.663848
image_1946.jpg,41,4.632236
image_4054.jpg,24,4.700932
image_3613.jpg,41,4.730985
image_2635.jpg,52,4.913448
image_1374.jpg,33,4.084898
image_3334.jpg,52,3.934774
image_1947.jpg,27,4.716733
image_28.jpg,15,2.260177
image_4478.jpg,24,3.111040
image_2798.jpg,19,4.347763
image_3094.jpg,13,2.228447
image_4214.jpg,19,2.745238
image_1159.jpg,33,4.068933
image_1894.jpg,47,4.699201
image_3673.jpg,23,3.505098
image_3766.jpg,28,3.839244
image_1039.jpg,62,4.703451
image_1286.jpg,30,2.789375
image_886.jpg,7,2.021567
image_2520.jpg,24,5.841640
image_1957.jpg,28,3.645139
image_3042.jpg,38,4.353449
image_2593.jpg,35,4.325953
image_3352.jpg,24,4.132909
image_2256.jpg,21,3.883627
image_1271.jpg,42,4.763140
image_477.jpg,54,5.328122
image_4098.jpg,16,2.560682
image_1692.jpg,31,4.513969
image_2108.jpg,30,4.370688
image_1492.jpg,53,3.616129
image_4774.jpg,20,3.286491
image_2294.jpg,23,3.819110
image_2255.jpg,21,4.033248
image_683.jpg,57,4.199183
image_2719.jpg,42,4.171131
image_2748.jpg,16,2.402519
image_3051.jpg,31,5.425864
image_1254.jpg,48,5.060580
image_872.jpg,63,6.022068
image_3200.jpg,17,3.949296
image_2099.jpg,15,1.921554
image_3037.jpg,13,1.670902
image_222.jpg,24,2.828427
image_1694.jpg,31,4.368547
image_1971.jpg,42,4.474896
image_4461.jpg,42,4.258977
image_616.jpg,28,3.542742
image_353.jpg,36,4.133610
image_4689.jpg,48,3.650403
image_2335.jpg,27,4.680403
image_2790.jpg,37,4.973932
image_497.jpg,26,3.234430
image_1893.jpg,55,4.311418
image_3905.jpg,38,4.454137
image_1066.jpg,39,4.605343
image_4656.jpg,24,4.822286
image_1134.jpg,26,3.101822
image_3393.jpg,41,4.984727
image_2663.jpg,42,3.769507
image_3554.jpg,26,4.019580
image_1835.jpg,31,4.247582
image_4034.jpg,51,4.948737
image_319.jpg,28,3.478799
image_703.jpg,51,3.880445
image_2064.jpg,19,3.250400
image_2620.jpg,45,3.450604
image_3255.jpg,25,4.065158
image_4466.jpg,39,5.135497
image_1886.jpg,26,4.661467
image_4985.jpg,21,3.602720
image_2766.jpg,21,4.810172
image_4441.jpg,17,1.268648
image_4269.jpg,18,2.538591
image_3863.jpg,25,4.299515
image_868.jpg,65,5.891524
image_4742.jpg,18,2.523265
image_573.jpg,51,2.503059
image_2652.jpg,41,3.952136
image_2122.jpg,51,4.313623
image_4225.jpg,29,3.034664
image_1494.jpg,40,4.129837
image_1104.jpg,36,4.394725
image_2705.jpg,34,4.232808
image_570.jpg,37,3.946693
image_1049.jpg,42,3.815261
image_726.jpg,30,4.725607
image_1496.jpg,42,6.023622
image_4257.jpg,21,3.577851
image_633.jpg,54,3.474335
image_2883.jpg,20,2.580342
image_263.jpg,33,3.031089
image_44.jpg,8,2.995901
image_2559.jpg,16,2.983374
image_4137.jpg,34,4.620275
image_3744.jpg,46,3.443758
image_4472.jpg,16,2.433818
image_3692.jpg,29,5.299692
image_1728.jpg,20,3.713152
image_4223.jpg,21,3.473071
image_4634.jpg,19,3.198373
image_3018.jpg,24,3.527148
image_1888.jpg,36,5.233590
image_4907.jpg,28,4.138706
image_3728.jpg,23,4.488061
image_4991.jpg,21,2.178431
image_3323.jpg,29,4.277738
image_3243.jpg,17,1.813529
image_3694.jpg,24,4.050699
image_2889.jpg,25,3.881580
image_26.jpg,21,3.353186
image_107.jpg,24,2.733537
image_2891.jpg,27,5.250935
image_1554.jpg,22,3.417325
image_2926.jpg,41,5.481750
image_2215.jpg,27,4.562650
image_4014.jpg,36,4.091702
image_4996.jpg,21,1.851640
image_4856.jpg,16,1.591645
image_211.jpg,28,3.226169
image_2597.jpg,39,4.581899
image_2264.jpg,58,4.637479
image_2737.jpg,38,4.817443
image_4027.jpg,24,5.221413
image_463.jpg,24,3.429769
image_1731.jpg,19,2.956866
image_4368.jpg,21,4.736863
image_2488.jpg,24,4.952525
image_1766.jpg,19,3.489273
image_832.jpg,21,4.374802
image_2158.jpg,15,3.307189
image_282.jpg,34,4.249850
image_2349.jpg,24,3.737165
image_4756.jpg,18,2.294625
image_3173.jpg,47,4.905910
image_581.jpg,47,4.775041
image_1948.jpg,29,4.696711
image_1023.jpg,28,2.657296
image_378.jpg,40,3.835920
image_3538.jpg,44,3.637251
image_1579.jpg,23,4.310279
image_3962.jpg,28,3.396518
image_4096.jpg,23,4.474987
image_4442.jpg,55,5.264557
image_909.jpg,25,3.201562
image_2288.jpg,50,4.956838
image_86.jpg,26,2.296242
image_538.jpg,58,3.849861
image_3796.jpg,50,5.215373
image_500.jpg,43,4.389226
image_466.jpg,27,3.477740
image_1520.jpg,24,3.884135
image_3879.jpg,15,2.448692
image_3547.jpg,23,3.485326
image_2262.jpg,21,3.965647
image_3175.jpg,46,3.690677
image_596.jpg,28,4.793703
image_3074.jpg,34,4.529607
image_3765.jpg,36,5.536144
image_3089.jpg,25,4.799000
image_4894.jpg,20,2.792052
image_4601.jpg,19,2.567434
image_3644.jpg,17,2.304999
image_2502.jpg,47,4.038874
image_4084.jpg,51,5.460997
image_1483.jpg,30,2.973254
image_627.jpg,35,3.016719
image_5030.jpg,16,1.579525
image_2914.jpg,18,3.812820
image_3867.jpg,23,3.958930
image_1075.jpg,27,3.828598
image_4815.jpg,39,4.765951
image_2295.jpg,23,4.376762
image_4970.jpg,25,6.157691
image_440.jpg,28,4.429594
image_1721.jpg,40,4.286651
image_3475.jpg,36,5.662263
image_2450.jpg,25,4.021306
image_4318.jpg,50,4.166647
image_4927.jpg,15,1.967186
image_1234.jpg,28,3.870691
image_4406.jpg,25,4.227103
image_427.jpg,43,3.859975
image_559.jpg,51,4.967349
image_1405.jpg,31,3.734150
image_2519.jpg,18,3.059310
image_1301.jpg,29,3.310466
image_4093.jpg,20,4.445736
image_653.jpg,54,3.957040
image_472.jpg,41,4.249183
image_1158.jpg,28,2.983188
image_1595.jpg,31,4.073662
image_1414.jpg,34,3.820594
image_1863.jpg,21,3.909820
image_1912.jpg,22,3.511074
image_1208.jpg,38,4.536120
image_4731.jpg,54,3.703918
image_2188.jpg,20,4.315678
image_4364.jpg,42,3.330302
image_861.jpg,40,4.890467
image_2952.jpg,38,5.058075
image_2010.jpg,27,3.996520
image_975.jpg,27,2.904801
image_708.jpg,63,4.112143
image_4242.jpg,21,3.430555
image_1723.jpg,26,4.577170
image_2149.jpg,31,4.747021
image_4513.jpg,32,4.382511
image_622.jpg,29,3.793486
image_1227.jpg,58,4.889307
image_2448.jpg,31,4.803227
image_3702.jpg,23,3.063944
image_284.jpg,24,4.182690
image_1439.jpg,46,4.251634
image_3870.jpg,34,4.839651
image_2751.jpg,19,3.171807
image_2098.jpg,18,3.212735
image_566.jpg,59,4.609019
image_2462.jpg,37,5.738665
image_1973.jpg,19,3.866458
image_1263.jpg,34,4.464190
image_1655.jpg,29,4.080807
image_606.jpg,29,4.333072
image_3882.jpg,40,3.622492
image_2198.jpg,31,4.169238
image_4232.jpg,23,3.785639
image_3176.jpg,21,5.136363
image_1619.jpg,35,4.774875
image_1911.jpg,9,1.879627
image_2764.jpg,46,4.508480
image_3090.jpg,27,3.975232
image_330.jpg,35,4.463000
image_759.jpg,23,3.976975
image_1205.jpg,44,4.265952
image_52.jpg,53,5.032322
image_448.jpg,26,2.939227
image_1718.jpg,23,4.787890
image_2541.jpg,22,3.964811
image_2523.jpg,28,4.766122
image_1037.jpg,54,5.216242
image_4785.jpg,29,4.937836
image_115.jpg,23,2.860199
image_4066.jpg,34,5.256723
image_3512.jpg,29,3.282953
image_3467.jpg,58,5.772486
image_3660.jpg,25,3.980723
image_3746.jpg,21,3.938274
image_4964.jpg,23,3.855155
image_3561.jpg,30,4.706442
image_3496.jpg,26,3.110220
image_4801.jpg,27,4.218102
image_4235.jpg,41,3.789377
image_333.jpg,25,2.846408
image_256.jpg,67,4.185769
image_956.jpg,25,3.563457
image_1149.jpg,29,2.878198
image_2167.jpg,52,5.295274
image_3387.jpg,42,3.201080
image_742.jpg,24,4.531072
image_3182.jpg,38,5.544367
image_154.jpg,27,4.401586
image_895.jpg,32,3.308587
image_3412.jpg,27,5.465206
image_3885.jpg,52,4.339539
image_507.jpg,28,3.709894
image_4591.jpg,24,4.813353
image_689.jpg,56,4.199733
image_1708.jpg,23,3.881062
image_334.jpg,26,4.189935
image_1480.jpg,34,3.805944
image_1963.jpg,37,4.003430
image_3758.jpg,19,3.627184
image_920.jpg,31,3.342394
image_5019.jpg,20,3.464102
image_2808.jpg,19,4.802210
image_2576.jpg,45,3.252893
image_4792.jpg,20,3.820594
image_1858.jpg,19,3.357120
image_144.jpg,55,3.572114
image_2670.jpg,42,4.682080
image_1794.jpg,52,4.299581
image_4509.jpg,46,4.425690
image_4750.jpg,22,3.423773
image_69.jpg,20,2.291659
image_1266.jpg,44,4.105127
image_748.jpg,41,5.047701
image_3618.jpg,26,4.358899
image_1354.jpg,36,3.455550
image_3219.jpg,15,2.401105
image_1045.jpg,47,3.328121
image_5006.jpg,21,2.874945
image_4813.jpg,26,3.517449
image_968.jpg,10,3.233277
image_3434.jpg,23,3.561952
image_2567.jpg,35,4.965856
image_2410.jpg,54,4.244781
image_3293.jpg,23,4.354648
image_1975.jpg,35,4.679677
image_3834.jpg,30,3.585151
image_1276.jpg,71,4.018552
image_877.jpg,35,4.763752
image_3468.jpg,9,2.334390
image_1267.jpg,42,4.802210
image_2942.jpg,44,5.767084
image_3248.jpg,25,4.382414
image_3732.jpg,22,3.428728
image_4127.jpg,24,5.413389
image_4693.jpg,28,5.267967
image_3648.jpg,20,2.932054
image_100.jpg,21,2.059547
image_2589.jpg,18,3.369061
image_3718.jpg,21,4.359082
image_4516.jpg,22,3.362731
image_3380.jpg,26,4.739433
image_3221.jpg,34,3.593547
image_2308.jpg,33,5.248860
image_1108.jpg,31,4.235662
image_1443.jpg,31,3.687497
image_3346.jpg,23,4.943035
image_1092.jpg,48,5.079917
image_1709.jpg,33,4.786804
image_3933.jpg,29,3.769844
image_5079.jpg,21,3.893202
image_1825.jpg,23,4.761267
image_5018.jpg,26,3.604731
image_2830.jpg,42,4.519547
image_4133.jpg,17,2.844097
image_3191.jpg,22,5.974483
image_883.jpg,43,6.719221
image_245.jpg,39,4.255249
image_3272.jpg,24,4.157727
image_4323.jpg,32,5.557812
image_3373.jpg,39,5.116397
image_5038.jpg,17,3.917517
image_2991.jpg,35,4.947475
image_3071.jpg,27,4.846827
image_434.jpg,33,3.847799
image_3169.jpg,35,4.147507
image_1707.jpg,18,2.884185
image_218.jpg,27,4.486667
image_1157.jpg,26,4.696938
image_3544.jpg,27,2.939478
image_3049.jpg,39,5.071427
image_2453.jpg,52,4.627145
image_541.jpg,48,5.040663
image_2478.jpg,35,4.593226
image_539.jpg,42,4.403153
image_103.jpg,22,1.849726
image_1122.jpg,33,4.185789
image_3201.jpg,34,4.569679
image_2829.jpg,28,4.227162
image_1630.jpg,28,4.407305
image_4554.jpg,32,5.074592
image_4342.jpg,22,2.977231
image_2408.jpg,15,2.334524
image_3621.jpg,19,3.393411
image_1200.jpg,63,5.961414
image_4462.jpg,26,4.613988
image_2381.jpg,18,2.930119
image_137.jpg,22,2.784991
image_1282.jpg,38,5.544868
image_1917.jpg,34,4.819733
image_4276.jpg,20,4.189394
image_2552.jpg,25,4.380803
image_110.jpg,23,1.991718
image_1333.jpg,52,4.490921
image_1424.jpg,55,4.629100
image_2789.jpg,28,5.078758
image_1953.jpg,24,4.058397
image_1673.jpg,46,4.451883
image_2419.jpg,16,3.719628
image_438.jpg,29,3.855374
image_1944.jpg,48,4.314090
image_4880.jpg,23,3.151031
image_3119.jpg,14,1.816441
image_4395.jpg,24,2.384848
image_693.jpg,58,5.230236
image_3397.jpg,44,4.226035
image_2956.jpg,35,4.892032
image_2667.jpg,59,3.946025
image_4222.jpg,9,2.470231
image_5022.jpg,16,2.858036
image_1784.jpg,37,4.082823
image_2882.jpg,39,4.800000
image_377.jpg,63,5.469658
image_4450.jpg,59,5.871042
image_1462.jpg,39,4.474781
image_2268.jpg,50,5.352701
image_373.jpg,59,3.094574
image_1803.jpg,20,4.014079
image_4799.jpg,24,4.925983
image_3453.jpg,46,4.335641
image_2219.jpg,24,3.775653
image_2104.jpg,26,4.235661
image_3448.jpg,15,1.493182
image_2036.jpg,20,3.646382
image_1500.jpg,68,6.184097
image_4261.jpg,16,2.664694
image_1473.jpg,43,5.040806
image_3921.jpg,24,3.691432
image_4811.jpg,29,3.598159
image_1272.jpg,36,3.650403
image_4778.jpg,54,3.498571
image_3309.jpg,25,4.541284
image_4280.jpg,24,4.091828
image_2721.jpg,57,4.877563
image_4087.jpg,49,3.700601
image_1350.jpg,29,3.292451
image_285.jpg,43,4.078940
image_1178.jpg,39,3.530090
image_3495.jpg,40,5.105977
image_442.jpg,24,3.779421
image_2927.jpg,37,5.880760
image_1040.jpg,52,3.895074
image_3362.jpg,59,4.733741
image_1222.jpg,52,3.681171
image_1581.jpg,32,5.268813
image_43.jpg,23,2.806427
image_4855.jpg,45,4.068852
image_3177.jpg,33,4.547878
image_210.jpg,22,2.917138
image_3685.jpg,23,2.753785
image_4299.jpg,26,5.182878
image_1499.jpg,41,3.929858
image_323.jpg,56,4.578065
image_1994.jpg,25,3.294058
image_2820.jpg,20,3.671703
image_608.jpg,36,5.484783
image_2292.jpg,21,3.824419
image_1195.jpg,61,3.774644
image_343.jpg,30,2.412983
image_2716.jpg,21,4.836376
image_3029.jpg,37,5.487617
image_3582.jpg,22,3.623594
image_2181.jpg,26,4.649653
image_2921.jpg,48,4.781423
image_4488.jpg,48,5.012872
image_3482.jpg,47,4.362470
image_4911.jpg,14,2.374396
image_3378.jpg,33,4.310195
image_4956.jpg,48,5.289266
image_4301.jpg,22,5.134138
image_4559.jpg,24,4.768626
image_3903.jpg,27,4.668513
image_3187.jpg,28,5.165321
image_2578.jpg,18,4.678556
image_1247.jpg,22,2.293953
image_3321.jpg,37,5.294996
image_987.jpg,34,5.617433
image_4879.jpg,45,5.365947
image_3574.jpg,22,4.361284
image_787.jpg,24,3.846154
image_2545.jpg,52,4.683772
image_1521.jpg,36,4.641827
image_2092.jpg,45,5.113646
image_1057.jpg,27,3.133102
image_595.jpg,20,1.761261
image_1668.jpg,16,3.973462
image_4536.jpg,30,3.660071
image_1785.jpg,31,5.683465
image_1481.jpg,41,4.632021
image_2217.jpg,30,5.126711
image_2668.jpg,36,4.645911
image_1265.jpg,29,2.947268
image_4043.jpg,19,3.263264
image_668.jpg,46,4.838211
image_3109.jpg,22,4.473710
image_943.jpg,15,3.386363
image_1832.jpg,28,4.036637
image_3689.jpg,25,3.351234
image_2817.jpg,66,4.154393
image_3649.jpg,24,3.993759
image_4519.jpg,32,4.901105
image_3609.jpg,57,3.507044
image_3133.jpg,18,2.645394
image_3249.jpg,19,3.070279
image_1088.jpg,28,3.012793
image_3229.jpg,18,2.888308
image_435.jpg,46,4.806989
image_3611.jpg,31,3.681787
image_3697.jpg,20,4.135461
image_4818.jpg,58,4.139914
image_2240.jpg,34,5.046335
image_977.jpg,30,5.483704
image_1261.jpg,48,4.780384
image_2358.jpg,23,3.923282
image_1260.jpg,40,4.172496
image_1175.jpg,31,3.514849
image_3531.jpg,22,4.528763
image_1089.jpg,29,4.509031
image_4520.jpg,61,5.016639
image_603.jpg,25,3.223435
image_2500.jpg,45,4.307723
image_2807.jpg,59,4.451974
image_2337.jpg,21,3.885422
image_3108.jpg,17,3.229102
image_1255.jpg,41,3.765304
image_216.jpg,29,3.887078
image_2885.jpg,37,4.436620
image_677.jpg,53,5.185450
image_1779.jpg,18,2.997423
image_258.jpg,35,5.655283
image_249.jpg,54,5.427204
image_2785.jpg,56,5.514771
image_3954.jpg,53,3.152908
image_4993.jpg,20,3.201389
image_4132.jpg,26,4.456089
image_2850.jpg,56,4.895275
image_1295.jpg,30,3.645537
image_364.jpg,33,3.203952
image_2352.jpg,26,4.192881
image_4983.jpg,24,4.891162
image_30.jpg,22,1.777561
image_1453.jpg,36,4.788071
image_3997.jpg,14,2.415934
image_1985.jpg,32,4.574365
image_1393.jpg,39,4.609019
image_2290.jpg,24,3.830589
image_2393.jpg,27,4.901452
image_1846.jpg,59,4.298573
image_4846.jpg,44,3.996526
image_197.jpg,16,3.126156
image_1748.jpg,39,4.762540
image_3551.jpg,19,3.253886
image_3890.jpg,60,5.279972
image_3449.jpg,30,4.137174
image_1031.jpg,41,4.795832
image_1601.jpg,21,3.848797
image_955.jpg,14,2.713106
image_3680.jpg,19,2.856571
image_3828.jpg,26,4.258027
image_164.jpg,21,2.510918
image_3275.jpg,27,4.081441
image_1283.jpg,27,3.876275
image_3945.jpg,18,3.977616
image_3135.jpg,17,3.065740
image_812.jpg,45,4.148144
image_2815.jpg,18,3.725055
image_4721.jpg,31,4.488737
image_119.jpg,22,2.533949
image_722.jpg,34,3.484091
image_1831.jpg,22,4.572934
image_2406.jpg,19,3.562350
image_1866.jpg,24,4.250084
image_4502.jpg,19,3.110220
image_4623.jpg,21,4.118153
image_1725.jpg,23,4.485157
image_4474.jpg,23,5.055901
image_3848.jpg,26,3.853838
image_5044.jpg,38,4.378169
image_4537.jpg,28,4.078940
image_3560.jpg,27,4.557550
image_1752.jpg,25,4.194953
image_3371.jpg,33,5.434521
image_2800.jpg,14,3.462716
image_4585.jpg,63,4.072264
image_3103.jpg,22,4.331753
image_36.jpg,52,3.503066
image_58.jpg,23,2.827296
image_3199.jpg,21,4.006914
image_4944.jpg,13,3.051430
image_2878.jpg,28,5.540083
image_2560.jpg,31,4.336335
image_147.jpg,28,5.486694
image_4523.jpg,74,4.963643
image_174.jpg,23,3.761960
image_2810.jpg,18,2.785613
image_3343.jpg,37,4.854084
image_307.jpg,45,3.539860
image_2056.jpg,47,5.005103
image_8.jpg,18,2.721001
image_2728.jpg,25,4.944090
image_2897.jpg,25,4.832615
image_4512.jpg,21,2.962701
image_2110.jpg,31,4.894812
image_4376.jpg,14,2.320537
image_749.jpg,9,2.006367
image_2880.jpg,27,3.851032
image_4552.jpg,17,2.796824
image_159.jpg,21,2.368412
image_5000.jpg,25,4.997520
image_2201.jpg,30,4.606609
image_3360.jpg,38,5.802885
image_2121.jpg,39,4.503377
image_3646.jpg,34,4.445181
image_5065.jpg,25,3.876275
image_631.jpg,39,3.863369
image_2490.jpg,32,4.590581
image_1789.jpg,18,3.295182
image_1671.jpg,27,3.981799
image_692.jpg,58,3.553604
image_363.jpg,60,3.477740
image_1897.jpg,38,4.486608
image_3359.jpg,42,4.443658
image_1269.jpg,54,4.838198
image_4123.jpg,24,3.659994
image_2385.jpg,22,3.714283
image_3077.jpg,29,4.152698
image_3471.jpg,12,3.287716
image_3563.jpg,41,4.518288
image_4558.jpg,22,3.943936
image_1616.jpg,61,4.435643
image_4329.jpg,30,3.929721
image_1550.jpg,27,3.707608
image_446.jpg,26,2.965282
image_3770.jpg,27,4.688520
image_4602.jpg,41,3.764089
image_3246.jpg,40,3.989783
image_2964.jpg,37,4.377387
image_431.jpg,33,2.898684
image_3484.jpg,38,3.941940
image_4069.jpg,27,4.366500
image_248.jpg,62,4.252369
image_296.jpg,23,3.057276
image_2799.jpg,16,2.215437
image_2139.jpg,46,4.436073
image_2185.jpg,28,4.363758
image_3650.jpg,35,4.998437
image_1653.jpg,37,5.039031
image_5060.jpg,23,2.708013
image_4863.jpg,65,4.286309
image_3927.jpg,23,4.173668
image_3800.jpg,22,4.091414
image_3204.jpg,62,3.756476
image_238.jpg,26,4.013371
image_1184.jpg,39,3.431494
image_869.jpg,47,5.438418
image_691.jpg,56,3.618136
image_3897.jpg,24,4.563624
image_3832.jpg,29,4.489888
image_99.jpg,21,2.589710
image_1755.jpg,45,5.333895
image_4170.jpg,22,4.867061
image_4712.jpg,34,4.855552
image_2775.jpg,13,2.496637
image_508.jpg,23,3.390413
image_2661.jpg,39,4.213502
image_802.jpg,67,4.682840
image_4277.jpg,36,3.929058
image_2961.jpg,36,4.692893
image_196.jpg,32,5.482295
image_478.jpg,58,5.145116
image_3940.jpg,22,3.264007
image_1804.jpg,32,4.058203
image_2216.jpg,37,5.134934
image_815.jpg,37,4.242641
image_2193.jpg,44,4.912616
image_988.jpg,31,4.311811
image_496.jpg,22,2.913725
image_2148.jpg,24,3.977439
image_3830.jpg,18,3.070423
image_221.jpg,26,3.251373
image_4567.jpg,28,4.909933
image_4362.jpg,23,4.599974
image_3363.jpg,26,4.099994
image_233.jpg,3,1.032631
image_4083.jpg,18,3.080179
image_3054.jpg,37,5.928641
image_615.jpg,26,4.137928
image_2451.jpg,58,4.979759
image_1538.jpg,24,4.218999
image_893.jpg,24,3.579990
image_3681.jpg,24,3.275498
image_2584.jpg,19,2.929636
image_1251.jpg,39,3.730733
image_928.jpg,8,1.906079
image_1488.jpg,32,4.271829
image_1099.jpg,44,3.374743
image_4682.jpg,25,2.963481
image_2779.jpg,23,4.451896
image_3172.jpg,42,4.600896
image_394.jpg,34,2.956866
image_1326.jpg,31,3.499789
image_3991.jpg,18,4.365615
image_3707.jpg,18,3.461535
image_1660.jpg,24,3.918526
image_2202.jpg,16,2.371390
image_2998.jpg,41,3.774440
image_409.jpg,44,3.835369
image_2109.jpg,16,2.813844
image_498.jpg,25,3.990422
image_4861.jpg,67,4.422166
image_1841.jpg,27,2.757692
image_4694.jpg,28,4.757379
image_1713.jpg,55,5.512162
image_2761.jpg,20,4.191666
image_1770.jpg,20,3.904412
image_2709.jpg,45,4.618589
image_912.jpg,30,4.994385
image_1641.jpg,25,3.841108
image_1706.jpg,32,4.646218
image_4063.jpg,21,3.444823
